text,label,predicted_label,predicted_probability
android marshmallow <number> . <number> . <number> won't let me log on the by existing account just keeps saying setting up bbm please fix,0,0,0.8795645
map animation stopped working,0,0,0.9089774
"good, but slow workflow.",2,1,0.6756182
nice app to use with friends,1,2,0.90418005
"i love this app, but i wish they had more outfit selections for maternity. other than that it's pretty awesome.",2,2,0.92080235
radar in motion won't work.,0,0,0.9664424
only opened <number> st <number> th pages of <url>,0,0,0.7480419
when i was being rained on it said no rain in your <url> it is still a good weather app.,1,1,0.54947984
everthing is tought before its use,1,1,0.4936971
good content. worth downloading,1,2,0.7666747
"it's a great and fun app for emoji use, i like the customization. but there needs to be more clothing and style options. i feel like there needs to be styles with clothing and hair, such as punk, goth, rocker, traditional, futuristic, fairy, and many more. other than wanting more styles to choose from this app is great",2,2,0.9184304
"wow, this is a terrible app. no open dialog or page goto. i had expected better from an actual adobe app.",0,0,0.9660711
i m fed of this <url> has posted it add every where,0,0,0.72149175
it is very usefull browser,2,2,0.8062994
its a bit slow vs thinking office and also text anti aliasing is bad,1,1,0.81339186
"it was great for me and the owner was very nice to us.,but the price change when i pay from <number> to <number>",1,2,0.5024746
provide some good <url> the only bad thing about this app is lack of good <url> hope you make it <url>,1,2,0.67333174
problem with saving large photos plz fix ir,1,1,0.5313793
its a good app but we dont have a night mode option for reading in which the background becomes black and text becomes white in color.,2,1,0.7080058
i hate the new version of bbm,0,0,0.9426451
is an interesting app to use.,2,2,0.90028286
"used to be great. now lots of issues with network. i keep getting no network errors, as failed to update errors even when signal is great, or i'm connected to my wi-fi at home.",1,0,0.6324768
it always has me in virginia and i live in florida,1,2,0.5230055
it is the very good ape to any one download,2,2,0.8493862
not up to the mark,1,1,0.62779385
useless boring it's of no use now days just like mxit,0,0,0.952657
very easy to use,2,2,0.90857375
worst upadate this update dont respond whenever i access my download section so hated it.,0,0,0.9677622
i have lots of state that i watch. my home town will not show what it feels like. all the others do. i have tried a few different things and it won't work. don't understand but it is important to me to know how cold it feels out. i can go to hourly and it tells me but should not have to! i'm uninstalling!,1,0,0.84706634
better and more accurate then most other weather apps.,2,2,0.91875106
fun!!! just wish i could make one of my bf.,1,2,0.9029894
worthless does not open password protected pdf as stated,0,0,0.9372074
shoddy ui and keeps logging me out,0,0,0.738694
"very accurate, which is important! how about a <number> x <number> widget?",2,2,0.8672391
i like the set up.,2,2,0.8890306
"looks interesting at initial install, however the advertisement photos and the camera lay out are different to my install on a samsung galaxy note <number> . missing too many features compared to the full pc. version, particularly tagging and indexing. camera is not as good as the original camera being on the dark side. a nice app. however adds not enough to warrant keeping. perhaps in the future updates. most notably is missing the side by side photo comparison which was the main reason for installation.",1,1,0.55825776
nexus <number> and samsung s <number>,2,0,0.47103015
"crashing. app crashes and freezes constantly. on htc one m <number> , and the app is completely broken.",0,0,0.95772153
plz provide watermarking <url>,2,1,0.45246407
u can download all movies in any language at movie <url> it okkk,1,1,0.68969774
pls add more features for android like iphone features,1,2,0.5461496
nice app but when i taking picture with this app i have little problem here the range have limited only <number> - <number> meter even i set focus to infinity still can't get to it. i shoot with pro mode <url> you can fix that it will be <url>,1,2,0.6509984
it's not a web browser. it's an ad browser,0,0,0.8602466
a lot of a bug here,0,0,0.80011964
shame forest starts again every day would be nice to build a huge forest like monthly or so,2,1,0.5735364
"this app is so fun! my friends and family love exchanging silly bitmojis in our texts. the only reason why i gave it <number> stars is because i wish there was a way for your to organize the bitmojis, so you can quickly access certain ones instead of having to scroll through them or search. also, the outfits are pretty awful. they need a little more fashion. lol however, the art and creativity in the bitmojis are terrific!",2,2,0.78702134
i love it but we need video support!,1,2,0.72209525
the app is is good but,1,1,0.7657346
it is taking forever to load. never had this issue before. just started a few weeks ago,1,0,0.584903
map stopped animating over a week ago on my samsung galaxy s <number> . please fix. used to be the <signature>,0,0,0.6467162
"it definitely helps me stay focused and off my phone. the one complaint i have is that when i have my phone on silent/vibrate, when i plant a tree my phone goes into standard/sounds on mode. i don't like that at all, i have it on silent for a reason.",2,2,0.6766117
one   for doing this nasty ios port,0,0,0.9462844
unmounted my sd card,0,0,0.9405312
why can i not delete saved locations? and ive read thtough it many times and dont see anyway at all to delte previously saved locations!!? im going to have to uninstall the app and then reinstall it to reset this location deleting issue u have!?!???,1,0,0.80823624
"lacks capability to browse for local file. no goto page option, <number> page documents impossible to read. no 'bookmark' to save <url> apps avail",0,0,0.7396552
bbm is easy to use and simple way for chating to my friends and <url> !,1,2,0.86201227
make it better please,2,1,0.57541066
"i liked the game as well as the concept. it would be better if it gave a sort of buzzer when time was up, and if you could add some personalization.",2,2,0.7671092
"useful app nice app for opening documents, no adverts,easy to use and doesn't need a lot of experience",2,2,0.8026662
easy to book and great choice and information.,2,2,0.9353838
never trust earth networks again,0,0,0.91831154
what happened to the elite version i paid for?,0,0,0.94095415
lots of problems with the map,1,1,0.71056813
simple and easy to use,2,2,0.8204434
"enjoyed the app until the <url> then the ticker quit <url> the pop up ads in the ticker are annoying. when you get all that shut off in settings, it works great!",2,2,0.58585477
radar does not work. will not stay on my home city.,0,0,0.969913
it would be nice if it was in different languages.,1,1,0.59775287
some tools can be available and improved without having to open an account or sign in each time like with drive but in general is pretty useful and have good features also please create the bin icon instead of the <number> dots and once you choose a file you can't delete only if you go back,2,2,0.7510167
"i love it! however, i do a lot of work on my phone and so i would like an option to run the app while using my phone, without it killing a tree!",2,2,0.90131634
good app easy to use. the lens correction function doesn't seem to work though. but maybe i am unaware of how it's supposed to work.,2,2,0.66770387
there should be feature by which we can see who saw my message in a group and who doesn't. like we have in what's app,2,1,0.5856973
"can we get this to, somehow, plant an actual tree? say, for a certain amount of trees grown succesfully a tree gets planted at some forest in need.",0,2,0.48201594
contains alot of ads,2,1,0.7019008
can't search area,0,0,0.6251028
good app for team communications,2,2,0.76959354
stopped showing up in my status bar,1,0,0.47658786
use it for studying,2,2,0.889829
too much ads i dont want uc news stop showing me ads to download uc news,0,0,0.9050931
installed this app on my zt <number> tablet but wont work annoying!,0,0,0.9495804
the tree does not die no matter which app i <url> i have tried every setting possible but it doesnot <url>,0,0,0.65706336
i love  this app,2,0,0.44189656
need to have female and males,1,1,0.6982956
add tick tick clock sound in it,2,2,0.81063515
the radar won't work with samsung galaxy s <number> . so lame,0,0,0.9523801
great app. and loads pdf docs faster than many other apps,2,2,0.91532606
"fun app! wish i could draw some added details, but fun anyway.",2,2,0.8949733
pretty cool app to have.,2,2,0.60294104
"clumsy auto-import, but great overall",2,1,0.6827004
useless without raw support,0,0,0.9632218
tried to use it for my team at work but they just wanted to use the whatsapp groups they currently do which is basically the same thing.,1,0,0.59065104
i think this a smart browser but opera mini fast then uc but good effort by devolpers,2,2,0.6758531
i am facing problem while using it needed to work on user interface its getting slow and hangs sometimes,1,1,0.5741168
"it's an ok app, compared to whatsapp and line messenger",1,1,0.54772407
"won't open any .pdf files on my tmo vibrant (bionix <number> . <number> ), useless.",0,0,0.9705645
can you fix the quality of display picture,2,1,0.64422387
can't move app to sd card,1,1,0.5999271
good app but more facilities we exprcted,1,1,0.531612
app works great. consider changing the red triangular notification to a solid red color in the notification bar in android. on my note <number> it appears as transparent in the notification bar at the top.,2,2,0.845804
plz update it it stick in the loading screen forever,0,0,0.5953346
i like it but i wish there were more things and i wish we could customize shirts and stuff,2,2,0.89569765
my messages aren't going through to anyone. please fix immediately.,1,1,0.51340705
"i love it, but i'll select one to use and then it will show the new one sent, but a short time later, it will show that i resent an old one, not the one i just selected.",1,2,0.7239487
my radar has stopped working! i've never had a problem with it until today please fix!,0,0,0.9265968
working properly for awhile and crashes later on,1,0,0.48177144
"a well-crafted, simple app",2,2,0.90985596
it was okay at the start and got me focussed but my phone's screen timed out and locked and then my tree withered. please fix this,0,1,0.7728291
it's pretty useful!,2,2,0.8667726
why can my friends get the bitmojis with two people but i can't? frustrated.,1,1,0.6136586
remove obscene quotes and gestures,0,1,0.48546275
pretty good. app wish it let you face scan yourself.,2,2,0.8185029
very good but crashes often,1,1,0.48718756
"lacking lens correction and blur features, otherwise i'd love it. please consider adding these, otherwise i'll have to use photo mate r <number> , cause while it doesn't have blur feature's it has great lens correction features so i can get my chromatic aberration effect : <number>",2,2,0.579857
the animation stopped working please fix!,0,0,0.9100134
goood one no one can see images unless u do hd,2,1,0.5937482
the app lags and consume lots of space.,0,1,0.6087495
"great app, using for an <url> but, could it be upgraded with the feature 'desktop mode' ?",2,2,0.79242516
it was good before,1,1,0.6827052
i like the old spark better it was more accurate cuz it told you exactly how many miles away the lightning was now you gotta zoom in on the map just to see in a round about ways of where the lightning <url>,1,2,0.6012709
"i really like it, but for a while now it hasn't been making my tree die when i touch my phone. also, after completing a set amount of time there's another number underneath my tree. i can't figure out what this means.",2,2,0.520831
annoying buttons below the chat text box.,1,1,0.7091805
i like this app for esuy to watch movie,2,2,0.85603267
"aaa please tell me why it doesnt show my cherry blossom <url> i just unlocked it with <number> coins, and i cant find it to grow it. arghh its frustrating.",1,1,0.5729305
needs to save where you last left off thats all it needs <number> stars when it updates,1,1,0.59112734
the app draws the mobile addict in you and plays with his/her psyche.,2,2,0.6134293
it is helpful for fast downloading,2,2,0.8531031
hard to access emojis/sticker,2,0,0.7959539
why this app has become so big? earlier it used to be only <number> mbs now its <number> . please reduce the size. <signature>,1,1,0.61100066
directions make no sense,0,1,0.4970862
great app for photography but,1,2,0.7252926
why can't they fix these issues,1,1,0.59597826
not working with whats app,0,0,0.94133204
you have to put the search option in the app,2,1,0.49426696
"its very usefull, also good <url> !!!",2,2,0.8876963
"its good. but the problem is whenever i charge my phone, and the forest app has been running, the moment the charging the moment the tree died. and i do not get a single coin. lol is not my fault that the tree died, but what i got-o coins and a dead tree.",1,1,0.77107596
tel me what to do,2,1,0.5802698
some websites say i don't have adobe even though i have this loaded.,1,0,0.61356324
it is easy to find your distination but there is always a less price,1,2,0.5132726
i havent many friends here,2,0,0.5460898
"would like updates on the sun over a <number> hour loop, as well as wind maps, water temps. but one of the <signature>",2,2,0.78649884
where are the local adjustments?,2,1,0.70201373
very easy to <url>,1,2,0.8265045
easy to use very good deal.,2,2,0.9218013
this app doesnt want to sign me up,1,0,0.9661597
always showing install even it has already installed,2,2,0.7455442
the zooming feature is slow and consequently difficult to use.,1,1,0.70716673
great tool for on the go!,2,2,0.9188167
raw format not supported,1,1,0.68363965
"it's a cool thing to have, but it won't sync up with the mozilla addon",2,1,0.7755902
great app but keeps crashing,1,1,0.59217566
"bbm is good ,hate the adverts",2,1,0.7272438
how about a tablet ui?,1,1,0.6917041
prefer the website more,1,1,0.67079157
"good design. hope the plant real trees is a true story! also, why the highest ranking people are mostly asian? should expand your customers",2,2,0.85379165
"i am not disappointed, but pixlr is still a way better software.",1,1,0.6668299
"i love playing with bitmojis. the clothes in the personalization could use some updating, though. very little are things i'd ever actually wear. it would also be nice to add friends directly on the app to interact with their own bitmojis outside of snapchat.",2,2,0.90527505
i love it. i just wish i could delete images that i find offensive and would never use.,2,2,0.7720347
i think in the new update they let you color customize any hair style and let you put cuts in your eyebrows.,2,2,0.90298474
automatically resizes with no way to change!!,0,0,0.86937475
don't like the new update,2,1,0.6037535
i like my bbm now . <signature>,2,2,0.8880441
no more trees since update. just shrubs :'(,2,1,0.7245978
would not updated on my phone and i tried like <number> times,0,1,0.5420022
"needs more body shapes and sizes, as well as face lines around nose/cheeks",2,1,0.7216522
took away floating head in txt,0,0,0.8777529
stopped working on my phone since the last update. will bring rating up when the problem is fixed.,0,0,0.89429605
works well. most of my pdf files require me to enter a username and password. this app will not allow me to. any chance of adding that?,1,1,0.7355633
"it's <url> ,add select area <url> mean make selection by <url>",1,2,0.5437229
app doesn't always work. temp won't show in n status bar. doesn't keep track of moving locations,1,0,0.79238
i hate this update,0,0,0.9616408
new updates are beyond worse,0,0,0.5416064
where is wbug elite i paid for???,0,0,0.94160223
make the time lapse between editing each feature shorter,2,1,0.7345168
add one more feature,2,2,0.81560504
the app was useful but avg virus scanner said it contains malware so i'm uninstalling to be safe,0,1,0.74612296
i couldn't open it.,0,0,0.9533758
i think that uc is very nice,1,2,0.6865476
mis the original bbm,0,0,0.498895
new ui tanks usability,0,2,0.56637496
this app is so good,2,2,0.6280698
doesn't work on my htc droid eris!! can't open pdf attached emails. uninstalling!!,0,0,0.9707784
it's very good app for android mobile s,2,2,0.85093254
temp is all wrong,1,0,0.9375324
id's easy to use and very helpful,2,2,0.91205454
"it seems everytime we're about to get severe weather, the app stops working. radar doesn't work, storm tracking doesn't <url> most critical time for something to work is during or before a storm, such as we're supposed to get today. this app works great on bright, sunny <url> 't depend on it if a storm is brewing though. it will quit working on you.",1,1,0.67007166
i guess its just the world i live in???,0,1,0.65047556
just an idea. when editing/creating my bitmoji i think it'd be neat to have the option to mix and match parts of different outfits together or even change colours of parts.,2,2,0.72794217
app is good. no weather forecast is <url> very vague predictions.,2,1,0.67386603
cannot attach pictures to reviews,1,1,0.673154
great weather app! easy to use and quick to load. only wish it was easy to find a forecast video on it.,2,2,0.9157357
issue on local wifi,1,1,0.54985076
i dont like this app,0,0,0.9263491
on the right track,2,2,0.6032772
best app for browsing,2,2,0.90394086
needs a dark mode for the notification bar. hate the bright white glaring at me.,2,1,0.756488
"good app, but it doesn't support gif in android",2,1,0.7633276
<salutation> i tried to sign in and i gave my email and password and from u a email also came but what next to <url> tried to click check again and continue but nothing happened,2,0,0.65778
been using for several months now as a communication tool for various members of a nonprofit organization. it's only downfall that i can see are the occasional missed update alert and that there is no notification badge on the icon.,2,2,0.57527846
works for what i need,2,2,0.85376894
it's saying it's not up to date so i can't view my file. -htc evo,1,1,0.6760977
when you know how to use it it's pretty fun and useful same with adobe photoshop touch i have a ton of fun with that but you just have to know how to use it or it will not be fun that's why people are reading it for star i read it <number> stars i love it but only because i know how to use it,2,2,0.87462217
best app ever ( my opinion),0,2,0.8677589
doesn't tie your account to gmail - so every new phone (or reflash) you have to retype <url>,0,0,0.65003103
great application for team collaboration,2,2,0.9238504
"crash easily,make my phone <url> its a great <url> u!",2,1,0.52838504
the menu bar above keyboard is annoying,2,1,0.6825642
it's an essential tool.,2,2,0.908571
this bbm doesnt work properly with the samsung notebook <number> . it is always showing limited bbm access. pls fix this,1,0,0.86594427
"unless i open the app, i get no notifications even when my name is mentioned",0,0,0.89755696
it's good app but need more apps related chat process,2,2,0.5885104
"doesn't open all pdfs. i do a lot of work dealing with architectural plans. this does not render all of the pdfs (some open fine, others open blank).",0,0,0.8649796
quick way to book a motel when you need too,1,2,0.6833525
can get out of the app by home button and use your <url> timer runs in the <url>,1,1,0.66217524
"honestly a joke compared to the desktop version of lightroom. i have one of the most powerful phones in existence and this app can't even scroll without lagging. i reinstalled today, <number> months later to find not only has nothing changed but my trial has expired and i now need to pay to use a laggy gimped version of software i already own.",0,0,0.7600776
better for <url> !!!! you will try <url> !!!!,1,1,0.57553476
backup feature was awesome,2,2,0.6292903
amazing to use this one like superb,2,2,0.9194954
i can't post on any website.,1,0,0.80210197
want some other features,1,1,0.736395
this app is not user friendly,1,0,0.9227017
force closes <number> / <number> !,0,0,0.8606365
what a waste of this apps effort the image meta data are always show false info when export image to gallery,0,0,0.9666617
it's a nic app n helpful <url>,2,2,0.7484345
how to change time ??,1,1,0.5957358
it's ok but this new version is not so impressive,1,1,0.8260945
this is a good movie downloader,2,2,0.71410286
want my old avatar can't find it,0,0,0.6162053
best of pdf file app,2,2,0.8754358
i would have gave <number> stars if y'all had more cute outfits for the girls to wear that is seasonal appropriate,2,2,0.7679617
was ok but i can easily use other apps when i press home,0,1,0.7730375
"useless. can't log in using the app at all. deleted and reinstalled several times, still no luck.",0,0,0.96921355
"easy to use, but if i plant a tree to grow and then leave the app it doesn't die. don't know if that's a bug in the app, but knowibg it won't die once i exit the app gives me no reason to stay focused",2,1,0.6885093
cuts down on paper usage.,2,0,0.6673636
<salutation> then dropped it. and now the radar animation doesn't work.,0,0,0.9642763
"good idea, but too slow on android. much better on desktop.",0,1,0.7881035
"like everything about it, except that the radar animation is a little clunky.",2,1,0.50876015
it's the king when it comes on downloading from internet i really appreciate it,2,2,0.8234271
"i'm using uc browser from many years and its was amazing but from the last update i got, it get <url> everytime i open new site, it shows an error everytime. please fix this.",1,1,0.62984157
cant install this app on my s <number> . error cant install in default location,0,0,0.9667004
needs to include precipitation estimates,1,1,0.78686726
new version is a step back,0,1,0.40456882
great but watch little bug,1,2,0.852332
i love this app.,2,0,0.36386693
"love the idea, and as long as i didn't touch my phone notifications and such didn't ruin my progress. however if i try to exit out of the app (to use whitelisted apps like my calculator) then it 'killed' my trees.",1,2,0.5370481
"my mom found this before i did! i'm <number> and even i like it. lol great for all ages. you can make it look just like you to every detail, many clothes and accessory choices, and when you want to send a text to somebody they basically have everything you might want to say to somebody in a text or to reply back to somebody in a text message. plus cute little emojis of yourself doing things.",2,2,0.91730577
ads ads ads everywhere,1,0,0.861653
has gotten a bit better since last review. i really like the lightning strike display. helps me with my lightning photos,1,2,0.91335255
i really enjoy it,2,2,0.8523572
i rely on accurate radar as i work outside everyday on a golf course. the daily and the hourly forecast constantly contradict each other though now and it's hard to figure out what the actual weather will be so i can only really rely on radar.,2,1,0.54456073
"i enjoyed it, but the app deleted all of my purchases, such as trees and sounds",1,1,0.56151897
so far it's good,2,2,0.56642795
would like some custom messages when trees are planted,2,2,0.5667792
used to be good,0,0,0.79145986
make category select bradcast message!,1,1,0.5741219
causes allot of problems will change dates etc when making a booking. prob better off staying with web page.,0,1,0.77021295
reflow feature quirky. can't somehow help feeling suspicious it is bugridden inside.,0,1,0.7926189
i don't <url> i can't understand this appp,1,0,0.8542203
crashes on galaxy s,0,0,0.820504
force closes all the time. from a company with a good to great rep. i had expected better,0,1,0.5102294
great <url> ruined with ads,1,0,0.9351179
worst experience at hotel,0,0,0.9560201
heating and battery problem,1,0,0.59965456
fed up with advertisements. oh my gosh. cannot tolerate this application anymore,0,0,0.9484349
this is the fastest app searching mode,2,2,0.8463516
"nice app for managing ongoing projects, teams, groups.",2,2,0.9306107
is not allways up to date with current weather.,2,1,0.82915586
realy superrrr <url> saver app,2,1,0.5974855
<number> day trial? and then creative cloud?,0,0,0.8775453
the print button keeps shutting itself down,2,1,0.47207353
average performance in download,1,1,0.78117245
animation on radar stopped,0,0,0.8877571
"so far so good. surfing is made enjoyably interesting, thumb ups.",2,2,0.8469641
bbm sucks on my galaxy s <number> mini .,0,0,0.9519419
what did i download?,0,0,0.74054086
my favourite editing apl,2,2,0.8463225
so easy to use and appropriate advice,2,2,0.9215248
doesn't work properly.,0,0,0.952636
"generally good, sometimes price filter doesn't work well.",2,1,0.50724906
love this app pretty accurate,2,2,0.8897764
as much as <number> degrees off!,0,1,0.4160916
used to be good,0,0,0.79145986
"this app helps me be productive, but since the update, i can't plant the trees i had previously bought.",2,2,0.56518996
dell streak:force close sometimes. blank pages sometimes. need bookmark feature and ability to continue from last read page.,1,1,0.7488722
"if your in a hurry, i'd recomed calling, it takes a wile to fill out the information.",1,1,0.7252589
good but not good as web version,2,1,0.7667421
problems working over wi-fi,0,0,0.5467668
it's ads all the way,0,0,0.5821514
no password support <url>,0,0,0.85497606
"good, but not perfect",1,1,0.7190365
i wish it would work offline,2,1,0.535258
cloud based apps do not work for me. with pathetic network services in our region it becomes frustrating to use. pity. will have to uninstall,0,0,0.95645076
"so disappointed with this app! why would you delete an entire account without any warnings? see i'm not mad that you deleted my account because i had iran's ip address, i'm mad because you didn't even bothered to give me a chance to take back up of my files! do you understand how unprofessional this is? so disappointed!",0,0,0.9668073
this app is good,2,2,0.7570534
"slow, laggy performance. thinkfree office opens my pdfs and allows smooth transitions and zooming.",0,1,0.80967754
since the update the radar doesn't work <url>,0,0,0.9206437
"like the app, but could you please remove the external storage permission when i want to take a picture? i don't like granting apps dangerous permissions and i know you don't need it if you use the file provider api. <signature>",0,1,0.65822375
there is no print option i can find.,1,1,0.6276805
<url> the picture size on bbm group is too small sometime not clear. also incoming bbm call is not detected or not showed in galaxy gear s <number>,2,1,0.6330463
got stuck on trying to confirm my booking and i lost the accommodation. after that force crash. uninstall. htc desire,0,0,0.970658
please fix the radar,0,0,0.477778
"good adjustment, bad storage",1,1,0.6880461
coming from adobe this is absolute garbage. fails to open pdf files. it was only <number> kb. garbage.,0,0,0.9715166
after i updated the new bbm version always getting <url> sometime the messages pending without ceklis my friend send in the morning but the messages coming after <number> or <number> hour <url> i saw on the messages the time when he send me a messages and this made my planning <url> should i didn't upgraded <url>,0,1,0.6240283
new update ruined the app,0,0,0.96318495
a widget would be nice,2,1,0.6128836
there are ads now?,1,0,0.5947232
difficult when on vacation,2,1,0.69060004
notifications are bonkers. (will give <number> once fixed),0,1,0.6875817
can't add new locations,1,1,0.7191482
nice tool for inter-team communication,2,2,0.92118317
it's download video very fast and all other thing,2,2,0.86514497
"veru useful app only when used with its <number> rd-party integrations, yet flock is much better alternative for having more free features.",2,2,0.5578491
doesn't <url> i'll go on other apps and the tree still <url> little i inventive to actually stay off the phone,0,0,0.71783465
"when ever i update app,it won't work and i lost my all data many times",0,0,0.96306753
doesn't work much! where's the <number> version???,0,0,0.90815187
nice app fast downloading,2,2,0.90113705
"the app is great, it's fun and helpful, tho when you click the home button, it doesn't die. you could fix that",2,2,0.84897953
"easy to use, always <url> when you book thrue them, they will charge you too much.",1,2,0.89295596
there is no jump to page option so you have to flip through every single page! its a big waste of time.,0,0,0.96676373
great and easy to use,2,2,0.9123698
"cloud subscription, no <signature>",0,0,0.95494694
great app to focus!,2,2,0.92243993
pay when you arrive. err no,1,0,0.6973423
great apps for great team,2,2,0.91168195
i like the appl because it connect me to a lot of people in my office,2,2,0.8866873
can't open my bbm after updated,0,0,0.9063582
cannot use for flash <url>,1,0,0.65192
won't work with my text messages and have to start a new conversation to use it in messenger,1,0,0.9625989
it crashes every time,2,0,0.92233485
great app for group family communication across multiple types of devices and countries,2,2,0.92831653
it was great radar sucks now,0,0,0.95945674
missing a tablet version,1,1,0.69861937
the browser is used very fast connecting browser,2,2,0.5340219
i want a etc wallet that's all i want to invest <url>,0,1,0.51220447
not so much but good,2,1,0.7746561
well the app is kinda <url>,2,1,0.704264
the program is very slow and can be unresponsive. there is no bookmake setting. pages take a very long time to load even when zooming in and out.,0,1,0.5850583
totally invasive and inappropriate for development. it kept people talking for every detail for hours. kill innovation and efficiency. cannot replace skype so another chat cheater. a waist of time in communication. one good point if you can make your competitors to use it. they will collapse.,0,0,0.9688399
i love it. but i think it would be better to add angle correction as well is needed sometimes and i don't like having to use other apps to do this.,1,2,0.8093608
the emoticon not <url> :'(,1,1,0.62710464
good app. had full version but they took it away. would like it back. radar not working. layers are not working. must be a weather bug.,1,1,0.6570196
can't import my booking? what's the point of getting this app? anyone?,0,0,0.9004573
"the app sometimes gets stuck on a certain temperature and you have to actually click on the app to get the correct temperature to pop up, but at least with this app i can actually get the <number> -day and hourly forecast pages to load which is something i can't get with accuweather. so i guess what i'm saying is it's probably the <signature>",2,2,0.5099131
"great, but occasionally crashes",2,2,0.49401093
"crap, takes ages to loads and lags on all docs, standard pdf viewer much better",0,0,0.9454092
it stops working frequently,1,0,0.49651283
like it more than most weather apps i've tried. would recommend!,2,2,0.8803188
stupid trees. too much green. too cute. memory hog. deleted it.,0,0,0.9626977
plz add readout loud feature in application,2,2,0.624552
"give error, stuck onopening",0,0,0.83515096
the radar map only shows past not current,1,1,0.49608606
"the worst, the most bugged app that i've ever seen in my life! always crashing for no reason!",0,0,0.9676412
this does not work with my phone i exited the app for ages and my tree still grew.,0,0,0.9698295
the application is too slow. sometimes it just wont select the options.,1,1,0.77874726
useless doesn't open email attachments on lg optimus,0,0,0.96518576
its a very good app,2,2,0.8299822
good up to date service,1,2,0.64391285
luv it but u should allow us <number> make more than one character then i'll give u <number>  's,1,1,0.6033576
"app does what it has to do, but would it be possible to implement a harder way to cancel the growth of your tree? now it takes about <number> seconds. you could make another cancel button which you have to press for <number> minute without releasing it to unlock your phone. gives you time to think if you really need to unlock it. <signature>",1,1,0.5770892
need full raw hdr for lg v <number> !!!,1,1,0.73429245
it wont even let me log in!!!,0,0,0.9703855
wouldn't search any locations.,0,0,0.8548852
new version is not intuitive.,0,1,0.6614188
image previews don't work,2,0,0.68579376
"its great, just too many ads",2,2,0.8391796
radar has stopped working,0,0,0.9447476
has been treating me well for years,2,1,0.47027114
animated radar not working,0,0,0.928752
problems with internet connection s <number> edge,1,0,0.47922748
"another login and account needed, mediocre editing",0,0,0.55915266
i need a tab for news language i don't want it to be default for the place i live in my native language may be different. please look into it,2,1,0.7165358
"idea is nice, <url>",1,1,0.68342656
useless and hang in itself,0,0,0.9639056
lagging on nvidia shield tablet,1,1,0.64556104
less taps &gt; more taps is not always true! this update clutters up the mobile app and looks horrible! bring back the drop down menu.,2,0,0.9568958
great mobile app for a great platform,2,2,0.87336016
easiest way to keep all my accommodation details with me when i travel.,2,2,0.88242555
"there is no way to search or jump to the pages i want. so, in a <number> page document, i have to page down until i get to where i want. very poor!",1,0,0.969056
crashes on z <number> compact,1,0,0.55976176
"can't delete any of the pdf files! someone ,help mytouch <number> g",1,1,0.68680286
somethings wrong with this app,2,0,0.9066666
well organized app. offers better deals than the hotel itself.,2,2,0.9235084
faster than other app,2,2,0.67220366
"decent, but needs ability to define custom notification sound. the built-in ones are too quiet and the 'device default' is too general.",2,1,0.6444189
"if you have difficulties staying focussed, then this is definitely the app for you. as trivial as it sounds, there's a real sense of satisfaction in seeing your forest grow the more time you log. the only thing i would say which could be added is social email support or facebook integration, which i believe is already a feature on the ios version. some of my friends are using it too, and seeing their forests grow (perhaps even on some kind of map next to mine?) would add an element of healthy competition!",2,2,0.7014083
would be better with out ads,2,1,0.6862481
<number> star 'coz why we have to request hd quality picture first? oh <url> nobody need bad quality picture. washing <url> another chat app more better !!,1,1,0.5008811
"my screen goes off, but when i unlock my phone, my tree dies. makes the app pointless as it forces me to keep the screen on which is distracting. great concept though.",1,1,0.7628076
it will be better if the apps allow users to listen music while studying or doing their things,2,2,0.5541936
the app is free on android but why can't i use my new unlocked tree?!,0,1,0.71151584
"not ideal, but better than a few other ""freeware"" options there with lots of adds or crappy ui.",2,1,0.8101119
add break or pause option plz,2,2,0.7461443
good effort <url> try to send correct notification of the news or story.,2,2,0.79404944
doesn't work keeps saying bad internet connection but all other apps work.,0,0,0.8474283
did not install this app. all i did was update my phone and it was there and i can delete it! very annoying!!!,0,0,0.9370762
last updates causing problems.,1,0,0.5479318
"stupid app many many ads ,don't download this app",0,0,0.968967
too much buz for nothing so special.,0,1,0.64187
simple but effective app to end smartphone addiction,2,2,0.70002955
technology at its <signature>,2,2,0.7805993
"editing is all about precision, of which this isn't good at. trying to crop is like throwing stones at a picture frame on a wall and hoping it sticks. when you get it you accidently press another button and all the work is <url> still needs some refining",1,1,0.65322214
used to love <url>,1,0,0.7900926
bbm is really gud,2,1,0.667256
still a good app,1,2,0.5695177
"looks nice but the live radar always zooms in to close, i like to see the entire area around my location.",2,2,0.8056643
creeping permissions. no <signature>,0,0,0.94267666
don't expect to be productive on the tube,0,1,0.53315395
huge apo. does not have move to sd card. standard reader v. good. uninstalling.,0,0,0.96234894
too many push and price not clear,1,0,0.6648183
great app but updated the app but the bug is still there where the animation plays without accessing the app so you have to tap screen to gain access to home screen. that bug has been there forever please fix!,1,1,0.55880207
like it but need better notification settings,2,2,0.5583986
being a motorcycling enthusiast i like to know where the rain is and what direction it's heading.,2,2,0.86235285
radar no longer works,0,0,0.9647941
why i cannot play my download video?,1,1,0.5350408
as an alternative in contacting people,2,2,0.7173023
crashes all the time tells you there is no memory even on sd card. won't let you use if you decline push notifications,0,0,0.9419602
what's the point?,0,0,0.9050723
"i used to really love this browser but now it's just annoying .when i download files sometimes it tells me ""file doesn't exist"" and i have to redownload ,plus it lags .",0,1,0.68445927
its good but i think it should add like fortnite emojis or other characters,2,2,0.53623205
its good but now a days it slow,1,1,0.6994433
"the emojis you can make out of it are great! however, it would be nice to implement the character doing different kinds of sports. also the app didn't have my face shape, hairstyle, and the mouth was too big for me. basically i had to go with what i could find that looked the most like me, and a bunch of people still thought that the bitmoji looked nothing like me. something else i'd like to add is that maybe for the female character, put some outfits that are t-shirts and moderate shorts, not just short shorts. i couldn't find my usual attire because of that. overall, my bitmoji only looks a bit like me so if you guys can change the face, costumes, and facial features to let more people have an accurate character, it'd be great. <signature>",2,2,0.77133936
throw this app to garbage,0,0,0.9656317
very nice and helpful <url> luving <url>,2,2,0.9082039
it will be better if there will be option to archive a chat,2,1,0.59060186
requesting to build a bigger forest!,2,0,0.5335941
stop the stupid ads,0,0,0.7752619
spark lightening no longer working,1,0,0.89143276
"slowly slowly you are making it worst app but it's your app you can do anything after all you are communist. see i don't like your inbuilt pdf viewer,video viewer app so allow user to use apps like adobe pdf reader and mx <url> and the new problem is the facebook video is not working <url> earlier i have given <number> star rating but now you are decreasing quality <url>",0,0,0.94496137
doesn't export my photos most of the time,1,0,0.58430356
still need to improve,2,1,0.5821972
no philippine peso currency?,1,0,0.77443635
"i downloaded this app specifically to merge photos together on my backpacking adventures whilst eliminating the need for a laptop. sadly, it does not have the function to merge photos for panoramic or hdr.",1,1,0.672211
"pretty effective but i just noticed it doesn't pick up the usage of one of my most distracting apps (bacon reader for reddit). i was on it and thought oh no my tree! opened up to find it wasn't triggered. double checked my white list etc, everything was proper. if it doesn't block that it becomes pretty useless in my eyes",2,1,0.522071
"awesome app. it would be sooo useful to have one button access to the lastest posts accross all channels and all workgroups, i find im spending much time digging around for the latest posts.",2,2,0.9184721
its good and so easy to use,2,2,0.8081416
this isn't as good as it's siblings,0,1,0.7148858
app is good service,1,1,0.5533156
app thinks i am a man :'),0,1,0.5907519
will not work correctly. i tryed to set the map in motion and it will not move!,0,0,0.969686
super cute but kind of difficult to use on the spot.,2,1,0.5129161
"nice, but couldn't find night mode.",2,1,0.66487
"insanely unreliable - wont let me accept invites to other workspaces nor will this application even show me the invite - login inconsistency, i can auto-login with the app but when i type my password in non-app login screens it wont work. its the same password i use for other applications and i successfully login each time.",0,0,0.93889344
cant search without creating an account! they need your email so the can sell it to spammers! unistall!,0,0,0.97153825
only good not <signature>,1,1,0.5336303
it is a waste app and waste of time. it is only useful for downloading the movies,2,0,0.9691065
it's fast and i can always use it to download,2,2,0.84481657
have to use and see,1,1,0.671579
good but some issues,2,1,0.5431609
plz see sex movies it's nice in this,1,2,0.63127106
wont open. it always crashes and my phone reports it having multiple errors in <number> week,0,0,0.9674407
fcs on a <number> page pdf. really?! even on my stock evo that's awesome? this reminds me of flash player on my laptop- always causing problems. adobe = crap,0,0,0.5160234
"the worst app ever can't download a single <url> my downloads have been ""unsuccessful""",0,0,0.9691454
needs text search and in-document link support.,1,1,0.7757023
it's a great app. love it and good job,1,2,0.91443324
"sometimes wonky when on wifi, but that could be internet connection issue. also wants to have high accuracy location on which will drain your phone quickly.",1,1,0.7111382
why am i now seeing ads? lame!,0,0,0.9632157
you had one job,2,0,0.66187567
"it would be nice if there was an option to record voice messages.    nuisance: when i press 'backwards' in my android, i am thrown out of the app, instead of going backwards to the messages list.    nuisance: i don't see a list of last messaged people in chronological order but randomly. this drives me <url>",1,1,0.7465329
not replacement for the desktop app,1,1,0.6349775
great app to communicate with family and friends.,2,2,0.9336561
best chat application ever,1,2,0.8940033
good app bt needs new features,1,2,0.5829224
it requires access permission n i dont know from where to turn on so can u plz tell m!!,1,0,0.8537598
uffff!!!! plzz don't downloaded this,0,0,0.9093759
good <url> lacks some essential features,2,2,0.49738684
"the app is ok but the camera should no have any sound when you take photos, that problem is quite annoying",1,1,0.82701075
installation corrupts gmail db on n <number> android <number> . <number>,0,0,0.95677465
i think it's a great start app!,2,2,0.8753609
radar has been freezing and not moving for last month. deleted it after all this time. pos!!!,0,0,0.96359754
ok till it goes wrong,1,1,0.75427836
i rely on weatherbug every day.,2,2,0.70317346
"love this app, especially the lightening strike tracker.",2,2,0.91165113
there's still more to it.,2,1,0.54394966
very basic and subscription based,0,1,0.51168215
no words great app,2,0,0.82836735
"im not use as well, i think it is bad application, i dont like.",0,0,0.6902537
keeps saying photos not found whwn trying to send/ attach to people. using a note <number> <url> its not <url> it <url> pwrfect for what application i needed it for. will try again when i get new phone in a couple weeks.,0,0,0.7766811
helpful for book reading,2,2,0.90780014
sometimes slow but yet efficient.,2,2,0.7418044
for some reason the keyboard doesn't work on my phone. and i can't do couple's bitmojis with my wife. but it's fun to use with her anyhow,2,1,0.53764087
make anoying bc different ring with chat ring,1,2,0.64580643
"please make the browser application sync-able with android phones. i was able to sync a few days ago, but now it only syncs with an ios account.",2,1,0.70306087
great app. would have been a <number> if avatar could be edited,1,2,0.88394314
poor cousin to the desktop app,1,0,0.77416563
i get notification for update but i can't update my bbm. please fix it.,1,1,0.74099165
it wont let me download its saying it is but not getting it,0,0,0.8329785
force closed zenfone <number>,0,0,0.8469234
cloud service only idea bites,0,1,0.68666035
i can't sign <url> :'(,1,1,0.4941725
horrible for one reason,0,0,0.9532307
<salutation> opening unwanted liks,0,0,0.43742082
won't let me end chat,0,0,0.84945595
"nice, but flow could be better.",2,2,0.4946406
it just froze up a few days <url> doesn't work at all when i click on it,0,0,0.94466805
the news which displays on the welcome page is very annoying and vulgar have to be very careful when giving it to the children's at home to surf the internet and we had to use other browser in front of others as your front page containt all the vulgarity in news most of the people don't know how to disable news. the option should be visible on the front screen itself,0,0,0.6536723
seems impossible to make a review,1,1,0.72491074
reflow doesn't let you move from what's on the screen. no option to go to specific pages directly (really? scroll through a <number> + page book everytime?),1,0,0.7139296
low score due to the lack of a dark theme/night mode in <number> !,1,0,0.6053997
"no floating head, why",0,1,0.5168446
bad on sms blocking,1,0,0.85766286
hated the new update,0,0,0.9354035
i find it a bit odd that the app doesn't automatically open a file. i have to go to the app and open the file from there.,2,1,0.7258324
the weather people are always wrong they suck,0,0,0.5642513
"no ""go to page"" feature? really?",1,1,0.5005043
caused ipad safari to stop working,0,0,0.8984119
it's a good app to communicate with team instantly,2,2,0.87659323
garbage. worthless app. i hope someone comes up with one better and more organized for people use. makes no sense. cant navigate. not worth the headache.,0,0,0.96932745
good but seems to be a battery drainer on lollipop,1,1,0.6201489
like the funny <url>,2,2,0.56148773
"useless app, doesn't work as described",0,0,0.9683272
pdf viewer works much smoother and loads faster,0,1,0.5731229
awesome app with awful ux,1,1,0.4365406
<salutation> why most of the time. when i finish downloading video and going to play it. it says failed to open its not like this before using old version.,0,0,0.58050287
couldn't get edited photos out of lightroom!,0,0,0.88149565
the update sucks!!! i lost all the trees i previously unlocked.,0,0,0.9665971
the cancellations are confusing and the will double charge,1,1,0.71144164
"great, but eset is going off",2,2,0.53898895
it is too slow app.,0,0,0.4824106
good & need more development options,1,2,0.582462
browsing fast but before download its doing re direct and suggest an other app.,2,1,0.7865042
please fix as soon as <url> cannot send message n dont have received feeds,0,1,0.5473251
too many ads dude,0,0,0.58259255
through this app i get amazing deals,2,2,0.88927627
very helpful & useful for media <url>,2,2,0.92359316
very helpful the apps,2,2,0.9196131
update screwed the app over,0,0,0.9521419
i love the variety of fashion styles this app offers. really digging on the poses & emotion statements. emoji id me. a ok,2,2,0.9252553
except advertising everything is fine,2,1,0.5667211
does what it's meant to do,2,1,0.54530454
it's bad browsing with opera,2,1,0.75038105
storm warnings are behind. weather warnings just seams to be behind,1,1,0.65966535
not really but they had an annoying notification getting me to rate the app so,0,1,0.758619
was better before they started messing with it. but still a bit of silly fun,1,1,0.70898193
can no longer save locations.,1,0,0.4542063
"i use to like this app. but now the radar animation don't work,and i use to like that. i see it doesn't work for other people either sence the upgrade.",0,0,0.5587052
it works but thats it,1,1,0.7847352
"next update have any problems after i'm updates its say bbm not responding, and refresh page is take a long time, maybe <number> minutes, why the hell??",1,0,0.81967884
"just downloaded it, and haven't had the chance to use it much.",2,0,0.87225807
inferior to the ios version.,1,1,0.51585567
"this app just simply doesnt care if i have allowed the data access or not. despite completely stopping the access to mobile data and wifi, it still runs in the background, connects with the internet and receives the texts. extremely intrusive and not something to have installed on your phone. if this is how it behaves, then it can't be trusted. uninstalled.",0,0,0.9712404
quick booking. many options.,2,2,0.8780865
can't jump to pages. up arrow disappears. at least make it optional for up arrow to stay visible all the time. just plain out aggregating to use.,0,1,0.54067034
very lag and make my phone so slow,0,1,0.5608612
useful and stable application <signature>,2,2,0.9209975
overall a good app fast downloading and <signature>,2,2,0.90731853
good place to work in groups,2,2,0.70758194
good application. but needs some improvement,2,2,0.67651963
good app but to much fake news and add,0,2,0.5852336
cool idea with severe (ironic) bug,2,1,0.74354964
this app are clearing all data,1,0,0.9264748
good for a waytomake moneyon the side,1,1,0.5729479
it is very nice app,1,2,0.83560246
"best editing software. ui is easy , but please remove the trial",2,2,0.64659965
not visible in app tray!,2,0,0.7725507
the only thing i would do different is make this available on facebook i can't access it for my posts. had to uninstall and reinstall as it stopped working.,1,0,0.84234536
"would have been a perfect app excet for the fact that you cant insert the icon into your current text, but have to start a new one(text) <url> , and with every icon!",1,2,0.5062336
some issues in confirming the booking.,1,1,0.61767477
pls also cover news of intl. importance,1,2,0.68209594
very easy to navigate,2,2,0.9055645
won't stop shutting down. reported several times,0,0,0.8011475
easy and very helpful,2,2,0.92346555
"there is a problem, at least in this version, each time i try to view an already downloaded city guide while i'm online, always displays the search page for hotels <url>",1,1,0.70239335
i am just downloading the app after completion i'll increase or decrease the rating based on the app performance,1,1,0.5828117
"notif now okay, ads still not ok",2,1,0.5897072
"great app, too bad i'm on android.",2,2,0.8530729
"it's is very effective app , but it takes too much time in opening",1,2,0.6238399
same bad it is good for search and for download but it is no to much good when i open uc browser on it home sreen or default and not save language option for my side not good,1,1,0.5488028
not good for me,0,0,0.52983665
it's good for few days later it is not working well,1,1,0.67498624
"keeps crashing. really looked fwd to checking it out, but crashes all the time. the few times it worked the timer got messed <url> work it out!",1,0,0.77015406
the worst - yet the only <url> ckck,0,0,0.94205415
i love this app!it really helped me! devs keep on fixing and constantly improving on the app. worth any all in app purchases (which are very cheap btw). just missing a widget! &lt;/ <number>,0,2,0.80852216
my bbm very slow .. what happen ??,0,0,0.77322143
i like booking in my computer,1,2,0.7295126
i like this app,2,2,0.8248522
can't do or find anything on the app,0,0,0.85576344
why open raw files ?,2,1,0.5709244
"all but useless in europe. slow to update and most features just don't work here at all. added a daily weather report, great! oh wait, it describes only one <url>",0,0,0.92808676
something very wrong with the app,0,0,0.9535648
iterate this app more then ads,0,1,0.5828522
old seen should not repeat please,1,1,0.5640184
great app for traveling,2,2,0.8854275
was so great <url> but <url>,0,1,0.69641006
it's a nice app,2,2,0.81875384
i love this service,2,2,0.42575336
larry delaney like it,1,2,0.55454654
not working with google messenger,1,0,0.9383132
"i am enjoying the app very much, it was recommended by my nephew and it is everything that he said it would be!!",2,2,0.9005334
really only works with small documents and even then runs into freezes on motorola droid. no page jump which for books is necessary,0,1,0.72711104
"i used to really love this app until it started killing my trees just for receiving a notification that i hadn't opened yet. advanced detection is not on. may as well turn the phone off, but i use it for music.",0,0,0.6108552
crashes immediately after startup - can't use it!,0,0,0.96272886
can't login to bbm,0,0,0.72687364
an very much useful application,2,2,0.86025816
works great except a few things,2,2,0.4958609
"<salutation> awful interface lacking any true customisation, yet another chat app that brings nothing new to the table and steals ideas from discord, an exercise in reinventing the wheel which hasn't been updated in years and crashes all the time. also i wouldn't trust this app if you value your privacy. avoid like the plague.",0,0,0.96506196
good for editing bad for storage,1,1,0.7078961
"it's <url> only downside is can't make just any emotion, but overall great",2,2,0.8523615
used to work . please fix,0,0,0.7896259
it would be great if there's a feature where i can sort my files in folders because it is irritating to find a certain file in my sea of different subjects.,2,1,0.5306748
one thing that uc devs definitely do is to remove ads and news <url> page is annoying if we want to read then will go in news site,0,1,0.6451985
nice to be back,2,2,0.5587326
"in all, we have to check this.",1,2,0.76610035
freezes on some files,1,1,0.5718422
cannot save progress without spending money.,0,0,0.90480953
greatly helpful. i like it,2,2,0.93356377
can't even spell sydney right,0,0,0.8148649
can't even create an account,0,0,0.9661469
nice app but you put extra features in this app but app is good,1,2,0.7310525
"good, but better without all those ads like other free messengers such as whatsapp, telegram, etc",1,1,0.60534304
wow. useless. hated it. <number> stars. (if i <url> ),0,0,0.9679987
"bloated, glorified chat. i use it because my company obliges me to do so.",0,1,0.62584347
it dors ansolutely nothing. wastef my time!,0,0,0.96111983
superb editing in this,1,2,0.9104096
"generally very good & helpful, with some good prices. free cancellation option is extremely useful.",2,2,0.9142728
"the ""i'm listening to"" <url>",2,1,0.5058738
"solid app, but lacking in the tablet ux area",2,1,0.7946158
let people to create more characters,1,2,0.6767359
app is good brower is so fast but news section in uc brower is the worst thing in the world,1,0,0.6150975
"it is good easy to use , but why i have to download opera browser to download any videos from uc browser please fix this problem .",1,1,0.49174988
it worked better before the <url> anything posted is hard to see and get to.,1,1,0.59929734
can't apply for instagram. please updated,1,0,0.73373926
image size goes from <number> mb to <number> kb else fine.,1,1,0.7083712
please enable apps <number> sd immediately. <signature>,0,1,0.53958654
like the app but the don't update rainfall very often.,2,1,0.5070381
i liked <url> the size of this app is <url> is better,2,2,0.5259559
this app is extremely bloated. for the functionality provided it should fit within <number> mb without issues.,0,1,0.5263027
half assed. uninstall! droid ally,0,0,0.96901447
quite nice - would be useful to edit posts from mobile,2,2,0.8038125
app <number> f. temp <number> f,0,0,0.54742306
too many update it's annoying,1,1,0.7075179
not responding to phone calls or emails. no customer service at all.,0,0,0.96052516
thanks for fixing the problem,0,2,0.8391302
room rate at times is misleading subject to additional charges,1,1,0.69434327
access to files/photos/media,0,1,0.49376225
"best messaging app, not so great for file sharing though",2,2,0.75764465
they want to much access,1,0,0.5933271
"would love more clothing choices, glasses and skin tones.",1,2,0.86643296
line freecall is better than bbm freecall,1,1,0.6689968
this app very nice & use very easy,1,2,0.92160517
make the dp full hd,1,1,0.5398248
good if it doesn't has annoying news banners,2,1,0.6931081
please make the lite variant of this app for smartphones with less storage.,0,1,0.5096166
age group <number> to <number> years old,0,1,0.534323
takes a lot of space,0,1,0.6527608
trible app. ui is horrible.,0,0,0.902539
loved the app very much,2,1,0.40689883
this bbm is not working on my galaxy s <number> edge why,1,0,0.9595945
it's great <url>,1,2,0.7964397
where is option for timer,0,1,0.77318656
well not. so good work but. some what.,1,1,0.76807106
this could be great <url>,1,1,0.5864197
take too much space or ram to run,1,1,0.6243518
very useful. ive used the app many times in the last few years. hv even referred others by telling them directly. wish full address address of property could be included even before booking. thats my only complaint.,2,2,0.8786454
i love it but she doesn't look like me after making so many changes!!,2,2,0.5498497
"it's ok, but since it appears to have basic reflow why can't we have white text on black background to save battery?",1,1,0.83970755
great!!! amazing tool for textbooks in pdf <url> i use it on my lenovo tab <number> <number> plus and it works awesome. most of my medical textbooks converted in pdf run absolutely fine with this app.,2,2,0.91537976
bothering me for a rating,1,1,0.62857676
it works great until you need to use another app. even when i whitelist apps my tree still withers,1,1,0.6282091
good weather overview. occasionally buggy (no pun intended).,2,2,0.7600938
when it works is great,1,1,0.5732428
radar map doesnt work at all since last update. please fix and get <number> stars,0,0,0.9057324
"how do i use on facebook,?",0,1,0.5849339
used to be my favorite app,0,0,0.7809837
its all good except for one thing.,1,1,0.54170203
to good to be true,2,1,0.5686177
this app is useful for me,2,2,0.848965
"only worked for a day, then the app would never open and kept saying there was a error. uninstalled the re-installed <number> times never worked again",0,0,0.9632136
not able to open pdf's downloaded to sd <url>,0,0,0.81554234
slow and crashes dinc v <number> . <number>,0,0,0.8789356
"easy to use, fairly accurate!",2,2,0.9306554
its a usefull app for informal office communication.,2,2,0.92278767
"facebook face detection doesn't work, so you have to start from scratch. also not enough selection to choose from.",1,0,0.6098255
more than one and add more stuff. (stuff to make the avatar),1,2,0.88050425
i can't play it that sucks,0,0,0.9521185
crashes during import htc one m <number>,0,0,0.89806706
does exactly what it says. i like it.,2,2,0.9028026
i think this app is good,2,2,0.5818873
great app. free cancellation should be indicated per hotel before booking.,2,2,0.9045445
"it's great for pdf, i only wish it supported other book formats like epub or mobi",2,2,0.83454704
"stopped working and deleted everything after a week, pretty poor i'd say",0,0,0.95497715
"a couple days ago, started telling me it can't attatch the emoji to my texts, that just stinks! i have a galaxys <number>",0,0,0.8526623
overall very useful app. i only don't like the fact that also sold-out hotels are shown. can be quite frustrating.,2,2,0.8503357
works well. it could have been better if approximate dates were allowed in search form.,2,2,0.7004125
still not as good as it could be!,1,1,0.5872638
for more information about this review go to <url>,0,1,0.560186
its been <number> years im using uc browser i gave a feedback that in uc browser we can't download videos directly to sd <url> have given a feedback about this past <number> years back but still uc team have not sloved my <url> service i request google team to please remove this uc browser from google <url> dnt need this kind of careless team ..,0,0,0.96207136
awesome app to find any <url> it,2,2,0.82584065
ok permissions fix. i've updated and given back two of the four stars i'd dropped.,1,1,0.76953685
i love the idea but can we get a weekly forest too?? that would be quite motivating!,1,2,0.86281294
it's very good for edit photos and make photos and make a design of any things,2,2,0.90496683
"i really love the lightroom software for laptops and other devices, but i don't find the app really convincing when compared to the software as you just miss so many options in the app",1,2,0.56677854
"latest version is <number> . <number> . <number> , last updated on <number> th september <number> . uninstalled as abandoned. desktop is already at <number> . <number> .",0,0,0.9641316
just click the back button and my tree will still <url> and i don't think i have the whitelist edit- i think your tree only dies when you open another app that isn't on your whitelist or else the list is <url> am i wrong?,2,0,0.8597803
adobe products are awsome,2,1,0.6753464
latest update fails to install with 'unknown reason - <number> ',1,0,0.92055017
"the app syncs messages too slowly and marking messages as ""read"" is buggy.",1,1,0.76717454
"great service, terrible app. the app doesn't seem work with mobile internet which makes it mostly useless.",0,0,0.97095054
now <number> % harder to use,0,0,0.89852947
marginal but still better than others i have tried.,1,1,0.566144
the app doesn't provide multiple tabs at a time. it would be great if its possible.,2,1,0.76999617
good app and uesfull,0,2,0.5034443
only hate the <url>,2,1,0.41361624
"i was using it every day and i think it was brilliant, even upgraded to paid version but since last update i haven't been able to access it at all as it keeps crashing. please fix it.",1,2,0.43462592
wont work for saml integration,1,0,0.9522256
good but ads are annoying,1,1,0.5647051
"app works fine, but it is very disappointing that there is no possibility to just use the map to find available accommodation. you always have to fill a place to search, but mostly i just want to browse and see what's available, regardless of the location.",1,1,0.60101134
worst app and if it is install u r phone become a virus attack,0,0,0.96768236
not what i'd expect from the creators,1,0,0.68059224
"won't leave my facebook, like a <url>",0,0,0.9249157
ads is an inconvenient thing so far,2,1,0.50687885
"i like the interface , it's really good. for me, i feel it would be nice to have a look up option when we right-click on words . it's functionality is to link up words to our dictionary apps. <signature>",2,2,0.84938914
good but many <url>,2,1,0.54485345
requires photos to be imported into lightroom. i know this has how the desktop version but wish the mobile version was faster and easier to use.,1,1,0.6758296
miss tabs to move between open docs. otherwise is fab.,2,1,0.7956307
"they stole from me i wanted a refund and because the manager of the hotel i chose treated me indifferently all because i wasn't <number> and so i emailed their "" <number> hour customer service"" and never got helped. lost $ <number> . don't use this app it is a trap.",0,0,0.9672761
my ag fans love the photos i do,2,2,0.85755163
this app would be perfectly awesome if it worked with the keyboard on my tablet so that i could use it in facebook when i <url> without white backgrounds,1,2,0.5499427
"why my friends can retract or delete their messages, while i can't? i don't know what bb phone or android they have.",1,1,0.6238802
it sucks non free things to choose from,0,0,0.95727515
this is very good app for downloading,2,2,0.855885
not accurate information all the time,1,1,0.74887705
cannot show my reserved bookings,0,1,0.53252256
i love this app,2,0,0.44189656
my company forces me to use this app.,1,0,0.9565425
it's hard to cancel a booking when <url> to use,1,1,0.71386576
won't open email attachments,0,0,0.95822257
couldn't find a better suited search app. compliments to the team. trivago couldn't find these many options.,2,1,0.5564301
"simple to use, don't seem to be able to see complete booking information",2,2,0.55929697
absolutely one of the <signature>,2,2,0.90993977
i like the reading mode specially. but sometimes it crashes.,2,2,0.6500276
sounds and digital mixer cansol,2,2,0.58894414
"lacks a lot of basic features such as bookmarks and ""goto page"". thinkoffice does a better job.",0,1,0.8161272
much better than asana,2,2,0.7175127
better on my windows phone,0,1,0.4841174
it's good but always show on screen when i switch on my home screen,1,2,0.5267543
this app is my go to when i need to know about the weather.,2,2,0.89472014
"okay but not great, and not really improving",1,1,0.7925376
it should have pause option,1,1,0.7607297
"all is good in this app except i couldn't see any hdr option while clicking photos, may be since i use oneplus one, which also has high processing power and advanced chipset enough to support this app. so they should support many more devices like this! hope the support arrives in next update itself.",1,2,0.6261936
"professional app , useful for office purpose , easily connect to office by mobile but too much heavy unable to send messages on slow network.",2,2,0.864029
update is not starting after clicking on update button,0,0,0.605702
hate it since the update,0,0,0.9310269
tired of getting ripped off.,0,0,0.52915573
had to sleep in the truck!,0,0,0.89055824
radar stopped working. i would've given <number> star rating if it worked.,0,0,0.947756
worst experience in goa,0,0,0.94991237
like it because it syncs better,2,2,0.7917728
i can connect to my friends.,2,2,0.8790651
i love this app,0,0,0.44189656
fantastic app for downloading and easy to use,2,2,0.9137999
"unable to change alert sound. not in options. unable to enable alerts per channel, on all or keywords and direct. closer to a beta than an app.",0,0,0.88109654
so much fun! makes people laugh.,2,2,0.71748376
similar to all other photo editing apps. doesn't stand out from ythe rest.,1,1,0.8058474
the quality of display picture is so bad,1,0,0.6548199
this app is very fast,1,2,0.83644867
dear friends do not install this browser. this browser is pathrtic <url> will ads and ads on this .really annoying,0,0,0.7374826
please fix so i can type!,0,1,0.7020747
able to provide sufficent info regarding hotel that want to be rent,2,2,0.83746994
they make you pay to create an account!! this is outrageous.,0,0,0.96297663
"it's a great concept for assosiating a reward to focus for those of us who struggle; however, my tree withers when someone phones me and i don't answer which is obviously a piss off.",2,1,0.48933807
really a very good app,2,2,0.85456955
awesome app! it will be better if you sync all your timers on your phones and chrome/mozilla extension. because i have to start to plant on my <number> phones and my browers when i'm working when you can do it just once and all your timers will start automatically. i hope you do it!,2,2,0.9014369
this app is very nice,2,2,0.82007456
"this app is super cute! my only complaint is that there is no piercing section! i have <number> piercings and would really like to at least have a nose ring! or maybe earrings? also think you should be able to customize outfits, like pick a shirt, bottoms, and shoes! instead of just the premade outfits.",2,2,0.9178212
"app is okay but has superfluous things that i will never use. including every option is okay but the ideal app would allow for complete customization of components and page information that is pertinent to the user and where they are located. additionally, collecting metrics on what users actually use versus what is weak allows for improved development of the weaker app areas. that said, i have used this app for a long time with little cause for complaint.",1,1,0.65381813
could you please add an option for exporting photos using the png format? it would be very handy.,1,2,0.76518816
i like the reflow feature. but useless for me as i can't search nor skip to a specific page (have to scroll through entire books),0,1,0.75488853
"simple yet effective. would be great if the app had more customisation options like moving the plants around, changing the colour etc.",2,2,0.87282574
uc brouser is <signature>,2,2,0.4808103
not starting since last update. please see to it. i gave <number> star so you can quickly check my issue. my phone is note <number> neo n <number>,2,0,0.47575256
doesn't work properly on nova launcher,1,0,0.94176775
"useful, informative and helpful <signature>",2,2,0.9360262
still no floating head!! disappointed,0,0,0.8005321
this app sucks now,0,0,0.9674174
it can't find my photos,0,0,0.85095906
what happened to my little shortcut!? or used to stay open in all my messaging <url> now it's gone!!,0,0,0.90634197
stable and functional but not totally user friendly.,1,1,0.6053319
this is good <url>  downloading movies but many. ads are come in between browsing,1,1,0.62797767
i don't like the company not the app,0,1,0.62874323
"great app but would love to have better clothing styles. maybe peacoats, pencil skirts etc. <signature>",2,2,0.9120508
radar map will not move. it hasn't been accurate either.,0,0,0.93459374
"simplistic, designed to exceed expectations and overcome limitations.",2,1,0.7206608
<url> sometimes it's gone <url> hate slow,1,1,0.5429538
"i would use it more but i dont like that it has to start a new message, would be better if it would just add to the convo on the screen",1,1,0.69145757
very bad app. it is forcing to instal. i think it is a virus.,0,0,0.96694547
better if no trial period and unlimited use for free,2,1,0.49129444
great but needs presets access,1,2,0.78877985
each time it simply keeps saying that my phone has <url> disgusting,0,0,0.7460277
keeps documents in line. i really like this application!,2,2,0.86541593
anyone video download stop and very slow download,0,0,0.8322404
used to work but no longer does. writing this review while my is growing :/,1,0,0.7786463
limited options but fun,1,1,0.61588085
would give better but have'nt used much yet,0,1,0.7294736
"app ok, but temp doesn't update in notification bar",1,1,0.8241651
no way to redeem tickets.,1,0,0.96359897
"silly app , it would let me open google while it will kill the plant if i open calculator or dictionary",0,0,0.86738205
"wow, such a pos!",0,2,0.66746247
is a great app but since the update a couple of days ago i can't get radar to work. tried uninstalling and reinstalling but doesn't work.,2,1,0.6041821
"i hate start up with system, i don't use it frequently",0,0,0.9449754
push notifications not working,0,0,0.7854994
good combination with acrobat reader. it's quite clear,2,2,0.9084836
nice. update it to be more digital. very clear,2,2,0.88875866
nice but sometimes hanging,2,2,0.62487185
still getting to know it,2,1,0.5724187
i use it for reading articles and it's fine. would be useful to be able to open two articles at once for cross reference but otherwise happy with the app,2,2,0.9076267
its better than others,1,2,0.72007334
does not work. in play store not listed as trial .come on adobe you stop down loads from your services now products do not work and listed as free we hen really a trial,0,0,0.97042733
almost a good editor,2,2,0.6771973
not able to download new <url>,1,0,0.8591162
"so i create a pdf using an adobe program, then send it to my phone to see what it looks like, but it won't open! pretty lame if you ask me.",0,0,0.78338104
sometime can't change display picture at asus zenfone <number> . please fix,0,1,0.7010091
really nice concept but on android it just keeps hanging and eventually crashing.,0,1,0.68308544
doesn't work on my phone. always error,0,0,0.96713
slackbot opens every time i start to type a reply in the app. started happening with the last update (note <number> ). why can't we disable slackbot? <number> star until we get this ability.,0,0,0.7019461
"complex app that covers all sorts of things related to travelling, maybe too many",2,2,0.9212354
great and more awesome,2,2,0.87829393
not what i asked for,0,0,0.9077348
i wish you would show canadian maps,1,1,0.51567775
you don't allow to take in-app screenshots?,1,0,0.6364566
how about date birth,0,1,0.7190875
"works great, other then not being able to delete content directly from phone.",1,2,0.7058638
can't copy/paste or add keyboard to android,0,1,0.6877653
can't even create a account tried more than <number> times,0,0,0.9595139
fast and good but missing features.,1,2,0.63823867
cannot get rid of floating head in my messages and it's driving me mad. i've had to uninstall the app to get rid of it &gt;:-/,0,0,0.9037371
"love this app. i use it to study, but i answered a phone call and it wilted my tree. i can't really help when i receive phone calls. this one had to be answered and now i have to look at a wilted tree in my beautiful forest. i am upsetti spaghetti since i'm a perfectionist",2,2,0.8113843
this app is slowly work,1,1,0.5552653
no instructions on how to delete files/pages viewed.,1,1,0.59506905
it helps a lot.,2,2,0.8258781
"need to improve performance, usablity, and <url>",1,1,0.6019154
multiple image share option is missing,1,2,0.6101141
"i like the functions, but",1,1,0.5192945
why don't you just block us all?! =d =d =d,0,0,0.84901905
easy to find hotel,1,2,0.8181816
"if unexpected crashes negleted, it is so far the <signature>",2,1,0.5089768
used to love it,0,0,0.80746675
"i love this app but with the latest update it died when i used a white listed app, and when i checked my whitelist i couldn't scroll through or change anything which was weird. plz fix this and add more trees!",2,2,0.6264041
very good mobile phone photo editor,2,2,0.88040507
keeps telling u to turn on the access then brings u to the settings page and even aft you check all the boxes doesnt take you back to the app. and continues to keep popping up disrupting phone usage. app doesnt work properly,0,0,0.92358166
app is faster but stucks mobile pleas fix it up,2,1,0.7537695
"should have ""seen"" feature",1,1,0.7992076
"can not zoom in or out, plis fix",1,1,0.5616703
nice idea and interface but finding friends doesn't work on android,1,1,0.7836412
white list is so frustrating!,0,0,0.6951331
need <url> saving to gallery issue adding photo issue,1,1,0.705114
the live doppler doesn't work since i updated,0,0,0.6099499
very ugly and difficult to use platform. i do not suggest it. very bad,0,0,0.9674113
recent update be unstable and loading so late,1,0,0.62107253
would give <number> stars if you blocked the facebook messenger bubble as well,2,1,0.5578084
it's a good overall weather app. do miss the traffic cam.,2,2,0.7749313
really hard to navigate.,1,0,0.866438
they don't refund difference if room is cheaper,0,1,0.6484505
"works most of the time. freezes sometimes while trying to open a document, but just restart the app and it's good to go.",2,1,0.72191554
my friend show me it on tumbler it's amazing <signature>,2,2,0.91156036
would of gave it <number> stars if i could. i just figured out that this app was using <number> % of my battery life and i never even use the app. sucks really bad.,0,0,0.9443731
"you ruined the icon, we said ok. now you are ruining the background color too. stop changing, no one was complaining!",1,0,0.9168791
should have been a <number> star but why's the android version lacking local adjustments that the ios version has. i can understand that there may be delays among platforms but it's already <number> months behind!,1,1,0.7445578
nothing i want from this app,0,0,0.94049567
so great until today,0,1,0.5259672
it would be nice if it had it on like whatsapp for android but you have to download another app to access that <url> yeah but it's good,2,1,0.5536986
high quality images turns into low quality,1,1,0.6592881
"it doesnt work, the screen flashes on and off and it wont open",0,0,0.964876
no retract in options,1,1,0.71579415
last position read somewhat flawed,1,1,0.6259546
get <number> days free trial. nice. to try it i need to be able to access photos that store to my sd card. i do that so i have room on my phones internal drive. waste of time,0,0,0.42717674
does not support to open pwd protected document,1,0,0.82885665
got rid of the irc gateway. this was why we used slack. uninstalled.,0,0,0.96427554
more theme and customization <url>,2,2,0.827398
some items don't work!,1,1,0.5755371
map animation still has bug.,0,1,0.5730655
"ignores some files, loads a few others",1,1,0.7209956
it's not as good as it used to be,1,1,0.5274367
"good, but needs things",2,1,0.58382964
not working properly on samsung galaxy a <number> .,0,0,0.9385865
views pdfs better then stock app but it doesn't see pdf's on sd card,0,1,0.824816
no way to get rid of ads on terrible screen layout.,0,0,0.9479129
required an account. i want an app to edit pictures on my phone. the online storage and synchronization should be an optional feature; not a requirement.,0,1,0.7349525
ok with local weather love the thunder part of the app,2,2,0.5742573
trivago the tru app,1,1,0.47693563
add a floating notification,2,2,0.61196446
why i can not share video on bbm group; too many update but no significant effect,0,1,0.8057448
limited options for search,0,1,0.77432895
good for messaging not for calls,1,1,0.6759845
"it's available when i need it and it's more accurate than other weather apps i've tried. update(jan <number> ) <url> recent california winter has been crazy, and frankly this app has let me down with inaccurate forecasts for most of it. comparatively, the google now app is more accurate. maybe the sensors in my area are just bad. when it's fixed, i revisit my review.",1,2,0.48772722
you could add a bit more features. birthmarks scars moles etc,2,2,0.65288734
i am using it before <number> years,2,1,0.3903841
like many sites if you visit a chosen hotel more than once or twice the price rises!,1,2,0.8472905
amazing experience so far with this. iam being familiar with it.,2,2,0.9169477
doesn't save properly half the time and definitely could use some more filters.,0,1,0.7365728
why is the iphone app so much better!,0,0,0.522015
"browser not opening sites, it just ideal.",0,1,0.55638844
"continuous crashing, won't even open now.",0,0,0.96398044
they forced me to rate them so i docked a star.,1,0,0.94519454
lame. doesnt work for samsung intercept,0,0,0.9652097
of mice and man,0,0,0.70344514
only thing missing is custom notification,2,2,0.6213904
video cant open after click tha video,0,0,0.83844185
weather animation has stopped and will not start. has been off nearly <number> weeks.,0,0,0.9524768
"i just came here because this app was featured on silicon valley, looks like a great app with an attractive interface.",2,2,0.88810575
it's okay except for i have a lg phone and it doesn't work that well with the lg phone,2,1,0.813862
cannot open or detect image file imported from nikon <number> j <number> camera which has .jpeg <url> i had to convert it first or use another photo app editing and save <url> so lightroom could detect the file <url>,1,1,0.6045419
having trouble downloading the app,0,1,0.5296109
i can't sent it through my messages to my contacts. only through facebook and that is absolutely ridiculous. this app sucks,0,0,0.9672935
very quickly reservation done.,2,2,0.85731775
<salutation> please give setting to turn it off,0,1,0.42408538
fantastic app to track lighting! the rest of the app is the same as any other really. but in fairness i do not use the rest of the app.,2,2,0.8666527
service is good but app is not much android oriented,1,1,0.8184782
this app is better,1,2,0.51144904
the improvement are a lot better but it would be nice to be able to send large mp <number> or mp <number> files via bbm.,2,2,0.5342621
viuggg hang with my life in your help me a lot and then you have any attachments may contain information contained herein including attachments if it would love the way i will have been sent me a new one day i was thinking about my life in your,2,2,0.7629187
can't get to work for motorola droid,0,0,0.93959475
bad for the aap is hanging,1,0,0.76562655
its really <url> though remove the trial days remaining,2,2,0.5201846
horrible radar. constant storm alerts with no storms around,0,0,0.9608658
cool idea pain da butt to use then at times wont work <url>,0,1,0.77340215
new update v <number> . <number> crashes all the time,2,0,0.94692725
"it's okay (at least, freebies now included) <url>",1,1,0.73663914
only <number> stars since it will not let me delete any files. please fix.,1,1,0.56981635
does what it is supposed to do and does it well.,2,2,0.8698479
"very useful, but has a few annoyances",2,2,0.64678043
can't download <url>,0,0,0.75922203
"generally a good pdf viewer. i love the reading mode that reflow text and adjust font for better reading experience. the only problem, or i should call it a bug, is that it seems like this mode hates to see <number> letters ""f"" & ""i"" being together. for words like ""find"", ""first"", ""prefix"", etc. you will see only ""nd"", ""rst"", ""prex"", etc.",2,2,0.83598703
no support for paid ad-free version,1,0,0.84621245
i like this app,2,2,0.8248522
used to use it for studying but after reacent update it won't open. please fix,1,0,0.6905243
last update is a disaster,0,0,0.949261
would be better if emoji's didn't disappear when new ones are added,1,1,0.68844944
good for basic stuff,1,2,0.5227968
fun but android needs more options!!,1,2,0.570824
"the usual mediocre bare bone pdf reader from adobe, totally lacking in functionality. repligo reader is better",0,0,0.5440423
stays open in background,0,1,0.7201288
it's actually helpful.,2,2,0.66337085
good enough and satisfied result <url> its quite good aap,1,2,0.7385777
why songs are not downloading from the websites. there is always showing error. whenever i download some song. pls fix this bugg,1,1,0.5495738
booking is simple and straight forward.,2,2,0.56167907
"a really good and practical app, however like every other app it still has room for improvement!",2,2,0.9135138
excellent pdf viewer rendered unusable by the inability to jump to a page and by the fact that it doesn't remember where you were or bookmarks.,0,1,0.54923
good site but still faceing issue with hotel even we confirm through app,2,1,0.5721165
it took forever to download,1,1,0.4831249
i've started using the lightroom camera to take all my photos in raw (dng) and i've noticed today that while out at <number> : <number> on <number> / <number> / <number> and taking pictures the time and date stamp on the images says <number> : <number> <number> / <number> / <number> . what's all that about? i can't change it so where does it get it's info from? also the preview does not show the correct colour. it does when using the slider but as soon as i let it go the image reverts back to a almost black and white.,1,1,0.7129966
it's cute for younger people but i use it some. i'm <number> yrs old.,2,2,0.76444966
"i had login throught google + <url> but i changed my mind and wanted to login through <url> so, i logged out !!! now, i cannot login back. the app is going back to registration page with the option to login to facebook !!! please look into the solution for this !",1,0,0.91009486
please could we have the option to install to sd card. what is the point in having a large sd card if it doesn't even get used,0,1,0.71551955
wont open at all,0,0,0.8955399
good stickers allow users to express better. how come i cannot use bbm calls?,1,2,0.73630756
why pr have no radar????,0,0,0.47634667
before it can connect even the signal is weak now it needs more signal to connect,1,1,0.6211775
radar maps are all wrong,0,0,0.9505006
it is fast downloading app,2,2,0.80296034
make it a zoo or fish tank,2,2,0.63005096
waah!!! so nice app,2,2,0.7946494
why pay that price for tablet use,0,0,0.7580688
good bit doesn't have the choices in search section for type of rooms such as not-smoking or soundproof ones or double-room etc.,2,1,0.78695816
too slow at times,1,1,0.6758632
it's very easy to use and all types of format documents easily opened,2,2,0.9105351
can not sign in,0,0,0.90280885
it makes team communication highly open and accessible,2,2,0.9373134
when message is being sent it takes time to be received,1,1,0.6364171
pretty accurate for the most part i think,2,2,0.8864522
spark is about the only good thing,1,1,0.58081645
broke the upload photo feature,0,1,0.4861811
best app but suggest download stop,2,2,0.56282425
some hotels are a bit shady,1,1,0.7214012
its fun to see you're own emoji !,1,2,0.70668936
its not so great as i expected it to be,1,1,0.7600077
keeps going down n the ads r anoying,0,1,0.58584744
it was good enough until i can't change my display picture,0,1,0.66635984
it's a trial. editing feature not impressive.,2,1,0.7344024
love it <url> great job <url>,1,2,0.56620145
used to be good,0,0,0.7914599
very good and useful app,2,2,0.9215195
"the app will no longer let me delete locations. uninstalled, and reinstalled and they are still there. frustrating.",1,0,0.77043325
"buggy, ambigue and less features",0,1,0.6657877
"this has helped my productivity a lot. i've only recently started experiencing issues with it. before, the app used to count extra time i went without using my phone even after the <number> min mark. it was really gratifying to see how much longer i was able to last + it contributed to my forest and my overall focus count. but now it isn't doing that? so it kind of discourages me from continuing to work past the sound of the timer even if i feel like i could. if it's possible, please do something about that.",1,1,0.5630428
"zooming slow, okay otherwise",1,1,0.8445644
"fix zoom in attached images! it doesn't work first <number> seconds the image open, and for gif it doesn't work at all. and is that tat hard to add rotation you've ""planned to add"" a year ago? where's a font size setting or guesture scale sor chat?",1,1,0.56132495
when will the local adjustments tool be disponible for android users?? hope it's included on the next actualization !!,2,1,0.5628815
just started using it !,2,0,0.39949274
so cute. wish it were easier to access via other apps,2,2,0.7844569
really like the way this app has evolved from it's first version. please add android wear notification service asap. its really easy to add and people are badly missing it.,2,2,0.8673304
"good on mobile devices ,simply good on move",2,2,0.73759425
need to avoid unwanted ads and also enhance the downloading speed. overall nice app.,2,2,0.83354604
"i really like this app and is what i go to when i start loosing concentration. i wish there were more stats and plant types, also more beautifully animated and things that change <url>",2,2,0.91799027
was <url> now radar broken,0,0,0.94410926
booking bait and switch,0,0,0.8846263
this seems like it would be cool,0,1,0.6238231
cannot see my photo's on device,0,1,0.5319088
so far so good!! i love it.,2,2,0.8623007
"such an intrusive browser, coming from china. it can't be trusted with your online activities. indians, be aware.",0,0,0.9034467
hi i download this app he is the very good app,2,2,0.82123065
where is the download process,2,1,0.6890356
brill so easy to use,2,2,0.62220633
the app isn't working on the note <number> . i'll update my review if/when it works.,0,0,0.682104
"""you have cancelled your entire <url> ""???",0,0,0.8650789
it good for local german reports nearly as good as <url>,2,2,0.5152004
does what i need it to,1,2,0.849862
it's good for communication,1,2,0.6645514
it sometimes sends the wrong <url>,1,0,0.4753894
please add the feature of sharpen and blur,1,2,0.7764029
notifications aren't working???,2,0,0.56074506
lag while zoom in/out,2,1,0.7186403
had some slowness issues?,2,1,0.7117647
awesome app one of the <signature>,2,2,0.9026159
it does great and gives accurate weather information,2,2,0.91202134
bogus . there are several aps much useful,0,1,0.75672024
'no notifications' doesn't work.,0,0,0.8813092
great app for managing hotel reservations on the go. it's also nice to earn rewards for frequent stays. i think this is the <signature>,2,2,0.926794
app keeps crashing. unable to open after latest update.,2,0,0.96458876
always update but nothing improve,1,1,0.7833949
"great concept, poor implementation",1,0,0.8250215
contact picture not show.,0,1,0.669121
canon cr <number> support please,1,1,0.43556783
this thing is a trap! it will take your money,0,0,0.950824
"the icon re-design is a tremendous eye-sore more fit to be the face of a pharmaceutical firm, and they didnt put any extra effort into making the app on any of the platforms, leaving gaps in design. no dark mode, no voip, no collapsing the sidebar on ios or windows. i use it because my friends do.",0,1,0.6202415
"just need an option to mute notifications (some of us work different timezones and like sleep), other than that it works pretty well!",2,2,0.71379167
good for net work download,2,1,0.52886033
i want this feature,2,2,0.61067426
content rating: low maturity,2,1,0.68339455
this application doesn't work in my handphone,0,0,0.96348774
slack chat is good,2,1,0.6099521
i find the user experience superior to other apps.,2,2,0.5907557
"great app, needs better ui on reviews",1,2,0.88020426
great new camera in-app,2,2,0.75520205
would be <number> <url>,0,1,0.49107626
it's a good application,1,2,0.7828867
"five star service, two star app",0,2,0.4963645
everytime my phone went on sleep it killed the tree and became completely pointless because i would've had to tap my phone every <number> seconds to keep it from locking and killing the tree.,0,0,0.9693276
bbm isnt the <signature>,1,1,0.69233173
can you please give a little speed more on download,1,2,0.63559246
need support for .cr <number> format,2,1,0.7780841
"unecessarily complicated and cumbersome. it's so difficult to create new workspaces and move people from one to another. if you don't have someone's email address memorized, good luck! this app has a long way to go to be truly useful every day. in addition to the above, notifications are a bit of a nightmare. i've missed out on a lot of critical messages because notifications just don't work when they need to. i've run out of room for feedback but i could go <url>",0,1,0.5657078
i'm surprised hdr is not supported on the huawei nexus <number> p. i realize it is isn't as new as the pixels but it's still a pretty fast phone.,1,2,0.5675918
where is the bookmarks?,1,1,0.46806663
"love this app, developers have been brilliant at fixing bugs and the feedback system is great!",1,2,0.8733397
i want to give this app <number> <url>,0,0,0.80604213
cant even sign in or sign up,0,0,0.9645567
"very nice weather app. would like to see more detail on air quality, pollen, etc",2,2,0.89957935
simple to use. nice option to search via map,2,2,0.8755012
what a huge step backwards for useability.,0,2,0.6223398
it is what it is!,1,0,0.5272864
"+pinch zoom, +++reflow text, --render speed on scroll, ---should find all pdf including dowloaded by browser, --no search, ---no images in reflow",0,0,0.5436201
this app keeps killing my tree whenever i off my <url> this is so bad. i ended up kore time restarting the timer.,0,0,0.9631112
website offers better and more search options.,0,1,0.5009994
i love this browser,2,2,0.39044073
not always perfectly accurate. i like the hourly forecast.,2,2,0.73967993
mobile notifications not working,1,0,0.81110346
cannot unlock password protected ebooks. can't even interact with links or buttons. worthless for password protected ebooks.,0,0,0.9708546
this app is an nice good for everything i need but they are problems u must fix,2,2,0.74296176
getting worse than before,1,0,0.6578856
it's easier and efficient,2,2,0.89355016
"what the mobile developers do not understand is: do not ever ever change the application icon! the icon shape and color are used to quickly identify an app between other dozen apps. that's how the brain works! moreover, an update only for the app icon? where is the video recording option? i use slack daily (it's the main chat / video conferencing solution where i work) and you can simply cannot record meetings!",0,0,0.7094431
"cute and accurate, but no long hair",1,2,0.70872706
used to work. not anymore,0,0,0.9180666
an outstanding way of communication with the team.,2,2,0.9355532
internet is better than this because,1,1,0.5927372
"sucks. force close, pdf never opens. htc hero.",0,0,0.96304184
"i like it just wish tht we had more choices for the avatar and the body shapes were more womenly, besides that i think it's great!",1,2,0.8958697
was great when it worked,0,0,0.46388105
update has ruined functionality. now difficult to search rooms for <number> people etc. terrible terrible terrible!,0,0,0.96898884
would like it better if you could use this app in fb <url>,1,1,0.68446463
great app with potential.,2,2,0.921575
handles small pdf files really well. needs bookmarks.,1,2,0.73440623
why not a mobile web version ??!!?!,0,0,0.48142797
"i love this app, the ui is nice and smooth, no bugs what-so-ever, and it knows when i press the home button and enter another app. (turn on advanced something in the settings) looks very smooth, and it works as it should! the problem is, i can't lock my phone without killing the tree, and it wastes the battery. that's pretty much my only complaint! (i'm fairly new to the app, and i heard that when your forest gets full, that you can't put in anymore trees. if so, please let the forest expand as well.)",2,2,0.8182134
i was addicted to game and other stuff my personal work ratio was too down and this app really help <url> !,2,1,0.48061308
stuck in update mode,0,0,0.7383565
while downloading music it goes to play store .,1,1,0.70176435
can't append it to sd card when updated in htc wildfire,0,0,0.538592
free emoticons are <url> good,1,1,0.6015576
"i could plant the tree while watching youtube , no different than clash of clans",0,1,0.55931437
bbm cant connect properly,0,0,0.81702083
"it would be cooler if you could mix and match the pants, shoes, shirts, jackets, etc. instead of having to choose from predetermined outfits. i want to make my own outfit!",2,2,0.6977168
"works fine, too many ads",2,1,0.5800461
they okay good on the <number> day forecast.!,1,2,0.57484835
"when it works, it's good. but far too many crashes on my galaxy tab s <number> .",1,1,0.7414726
terrible it now no longer works the way it used to. it was the <signature>,0,0,0.9647169
push notifications not reliable,2,1,0.7599545
went out and can't access it ny more. what happened. says i have <number> go thru fb or my email and i have <number> sign up and in wen i've been using it <number> the past <number> months. what happened!,1,0,0.94859093
to set a profile picture is very frustrating as the current set up/method cuts out most of the picture. this really should be adjusted.,1,1,0.70974463
i liked <url> this is very useful,2,2,0.7568158
if your not using this to book your loosing out,1,0,0.9253879
"the app keeps asking me to rate it despite me constantly telling it ""no"" so i'm rating it <number> star out of spite and partially because they don't actually follow the choices they give you.",0,1,0.620927
"uc browser is a fantastic browser application. the team behind the creation of this application have all done a wonderful job. keep it up as you continue to improve upon this great application. however, i wish to suggest that option to be able to send applications in speed mode { facebook, twitter etc} to phone desktop/home screen be incorporated into this application. secondly, make it possible to be able to select and set desired audio file as alert tones for applications like facebook etc. we therefore look forward to seeing these options in your next update sir. <signature>",1,2,0.8841584
"battery drain, battery drain, battery drain",0,0,0.9419836
won't open raw files,0,0,0.94333994
force closes on samsung moment w/android v <number> . <number>,0,0,0.8114395
not as good as desktop app .too slow while navigaring to different channels amd personal chats.,1,1,0.6968011
weather is nice and shows precipitation also,2,2,0.60534817
"won't let me add locations, other than that, works well.",1,1,0.6714511
note <number> <url> of nov <number> th.,0,1,0.5356958
rooms sold not always available,1,1,0.634649
please add a feature!,1,2,0.80747217
so many ads r coming i hate this app,0,0,0.9625402
it does what it's supposed to.,2,1,0.517328
it really sucks that disabling wysisyg in the settings does not work. i want my input freedom.,0,0,0.90161455
it's a decent app,2,1,0.50027865
have issue on redmi note <number>,1,1,0.607774
"i would give it <number> , but it keeps stopping when converting text to pdf",2,1,0.6223233
very good for me,2,2,0.810804
"app whitelisting doesn't work, everything works fine when whitelisting is turned off (tree withers when i exit the app) but when it's on, i can access any app without the tree dying, not just the whitelisted ones. i've also turned on the advanced detection mode, does not help.",1,0,0.68462086
"this ""use"" to be the greatest weather app right up until <url> latest update froze radar animation and i don't get alerts until i open the app. deleting and going to find a better app.",0,0,0.90342206
"it does its job, but asking each time to rate the app is infuriating",1,1,0.7707065
my weatherbug now tells me im <number> towns away. reported <url> they told me i was dumb basically.,0,0,0.89213777
crude humor supports the deteriorating morals of society. not acceptable,0,1,0.6535843
after installed the browser <url> phone will hang and some unwanted program to be automatically <url> will affect on <url>,0,0,0.87814707
some update or something makes this wonderful app crash. please remedy the issue!!!,1,2,0.655567
love it but easy on the ads pls,2,2,0.5920265
"for all those whose trees are not withering, turn off whitelist mode",1,1,0.52690804
"i really enjoy this app, it's been quite helpful. however, though it counts the time you exceed the preset goal you don't get any extra trees/bushes. this means that i sometimes go over my time focus goal, but only see one lonely tree for my efforts. good bit of a bummer. otherwise, love the app.",2,2,0.89586216
not as accurate at weather channel but i like that i can choose the radar location.,2,2,0.83017576
i prefer the blackberry version to the android version. or maybe i've not discovered all the tricks here.,1,2,0.570574
great! so much potential!,2,2,0.8752635
can't use bbm after update,0,1,0.5658771
on getting the latest update the app stopped working all of a sudden. i use samsung galaxy s <number> . please see what has gone wrong. i tried reinstalling the app too. didn't work.,0,0,0.9676539
very very slow even on nexus one,0,0,0.7829304
like the old version better,2,1,0.5663419
stop asking me to rate every time i launch the app.,0,0,0.46821368
lots of force closes on galaxy s.,0,0,0.49246764
needs more of the core lightroom features,1,1,0.68496525
"great app, just a few things that need addressed. i can no longer ""purchase"" additional trees and i have the $. it says forbidden after taking a while to load. i've uninstalled and reinstalled, running on the most current app and android os <number> . <number> , droid turbo <number> .",1,2,0.75231117
please add live radar widget!,2,2,0.6493843
can't quickly link to specific page or bookmark. sucks. quick office is much better for reading pdfs.,0,0,0.55985665
it dose not let you do anything,0,0,0.8251625
hourly doesn't match the <number> day,1,0,0.57302964
it's a good app,2,2,0.6996552
good app edit picture,2,2,0.5139445
can't bookmark the page! it's hard to read an e-book and remember the page number. i will delete.,0,0,0.55301213
use for fast download,2,2,0.8209842
used to be the <signature>,0,0,0.56430405
better than most. quick and easy,2,2,0.8968209
"not fast in sending and receiving messages, the app needs to be worked on.",0,1,0.6471262
local adjustment not appearing,2,1,0.7852992
used to be great,0,0,0.82859397
just got it <url> fingers crossed,1,1,0.56115323
best pic editing <url>,2,2,0.8210804
no bookmark or jump page. doesnt remember where i was when closed,0,0,0.8518501
"good. only complaint is that sometimes the location on my lock screen is not my current location, but a random one from my saved places.",2,2,0.505794
for the older version,1,1,0.53239363
"this app is pretty good, but i wish i could use this in my normal keyboard and i hope that it will be animated and have a transparent background",2,2,0.74529254
it's very accurate and good,2,2,0.9067271
loved it till i got a new phone,0,1,0.5046096
works ok but crashes when i rotate my archos <number> .,1,1,0.78101134
bloats <number> megs needs to be movable to <url>,0,1,0.5141689
shares the way it wants without permission,0,1,0.5493207
external storage for cache,1,1,0.6029747
the radar map is practically useless now,0,0,0.96816033
will not select the correct current location.,0,1,0.6264976
cant edit my avatar and cant log in!!,0,0,0.9561331
this is worse than what we call pathetic when it comes to mobile app.,0,0,0.95794004
updated to make it worst,0,0,0.9579629
the trees do not die when i leave the app which is what the app was supposed to do should i have left the app to use other apps like ig or youtube,0,0,0.8432031
new version is a major step back,0,2,0.4779998
awesome and secure app,2,2,0.9145968
awful app. really awful.,0,0,0.96438295
would rate <number> <url>,0,1,0.5922023
"makes an incredibly annoying and loud clicking sound through the speakers whenever you take a photo, with no ability to disable it.",1,1,0.52062535
it's nice but some problems r there,1,2,0.5131408
have used it for years,2,2,0.719563
hope it supports split screen,2,2,0.5556785
good app to <url> i alwayz prefer uc browser to <url>,2,1,0.5573096
some issues but otherwise excellent,2,2,0.61815584
"this app is great, allows you to edit raw files, and almost has all the same options as a desktop/laptop version. the only thing i would really love to see is a brush setting, really all it needs for <number> stars in my books!",2,2,0.90747213
basic stuff done well,1,2,0.6471549
unfriendly to free users,0,0,0.9295661
crashed my phone twice in a row doing nothing more then trying to read a <url>,0,0,0.9510141
has become unreliable and very inaccurate. loved it and now will get rid of because of terrible forecasts.,0,0,0.96625227
still no group contacts like old bbm,0,1,0.8090925
"slow loading, double notifications",1,1,0.7078396
i love this app but sometimes it is really lagging.,2,2,0.55911934
freezes when opening pdfs. useless. root droid <number> . <number>,0,0,0.96787405
"really nice app ,with grt way to analyse yr productivity",2,2,0.8870596
great but one major problem,2,2,0.6333152
this program needs to be able to jump to specific pages in the pdf. i have a <number> page set of blueprints in need to access multiple times daily. fix,0,1,0.6312104
something went wrong before i could access this app. immediately <url> viruses needed.,0,0,0.9545317
last update problem when search number adults,0,1,0.5965457
very good app very easy,2,2,0.9069528
it's good app and doesn't contain virus,2,1,0.54214835
please add widgets for slack,2,2,0.66028875
add hdr support for htc <number> please!,1,2,0.70008445
"suddenly it's killing all my trees it's was working perfectly, but now i keep getting a ""unknown app'",0,1,0.6261347
well <url> you need access to my files and my camera ? looks like an insecure joke. i 'll install once we are back to serious.,0,1,0.5530203
this app is <url> not as expected,0,0,0.6622942
please add remind me option,1,2,0.85041624
"original user interface, very usable.",2,2,0.4898304
i use this site for booking over night stays when going on holiday. good hotel and great staff.,2,2,0.92505676
can't access my account,0,0,0.9342844
very useful to find non-chain hotels--saving lots of money when all you need is a clean room and a servicable bed.,2,2,0.9146394
"love it, something for almost every occasion!",2,2,0.8661279
doesn't format text correctly,1,1,0.53154904
"despite all these new pdf readers, this app provides very good benefits",2,2,0.86277753
love it but hate it,1,1,0.59628135
great application. efficient way to browse and book accommodation.,1,2,0.93270016
great mutch eadier than website. quick and convenient,2,2,0.89803916
excellent. not needing any permissions is cool.,1,2,0.81975067
"works pretty good, nice to finally have this on android.",2,2,0.84451276
to boring and to many adds,0,1,0.4418737
reply from notification and remove bbm channels,1,1,0.6110536
love the app but current temperature doesn't stay in the notification bar even though i have it set to go the settings. please fix. i have to constantly open the app for current temp.,2,2,0.5979016
i like it . works great,1,2,0.9256229
it's good for documents viewings and managing.,2,2,0.83088285
it's good but not too much <url> it's working well,2,1,0.5455469
pic porn on ads,0,0,0.8737396
dope! i wish there was a batch deletion feature.,2,0,0.6407179
"worked great for years but now it double posts everything i send on my chromebook. love it on every other <url> iphone, mac. i hope this is fixed in the next <url> !",1,2,0.56998825
"sering error, but it's fine. still working",2,1,0.5611332
full of bugs. i can claim the reward but my coins doesn't increase at all????,0,0,0.7254987
reliable when signal is good,2,2,0.6512472
love it and hate it.,1,0,0.89537126
would be good if you could delete after finished!,1,1,0.6914512
works for me. only one i ever use.,2,2,0.84656537
error <url> do not work. i'm having <number> . <number> . <number> <url> still not working .,0,0,0.9684327
it is very good but it needs more options on the facial features and the body motifications,2,2,0.76226383
takes up <number> percent of the <url> saves everything u <url> good for a <url> have motorola droid.,0,1,0.6275386
nice <url> was using this <url> information for news and latest updates,1,2,0.7176997
"the whitelist doesn't <url> no matter what i do, my tree dies.",1,0,0.7566425
"good app, but lacking android wear (and thus pebble) support. i prefer google hangouts to slack because of this missing functionality.",1,1,0.6346527
great but too much phone access,1,2,0.63266265
if you can't offer better pricing you're useless,0,0,0.95862085
seriously your ad blocker never works everytime i go to movies site pop up ads pop ups every second very irritating don't <url> u will never get good surfing experience,0,0,0.841016
minimize category and bbm group user friendly,2,2,0.4896019
it doesn't save the last page you were on. it's annoying.,1,1,0.7373019
please add something which shows you how long you've worked for each day and maybe a graph for comparing different working times,1,2,0.8589325
not bad better than other,2,1,0.6024847
i like the radar and spark. i work outside so that helps. the temp though? <url> but i guess that's what you get when trying to predict the actions of the most volatile woman in existence. mother nature of course.,1,2,0.8994884
why it is asking to download uc browser when i am going to download song and i don't want to download uc browser,0,0,0.86336076
"awesome app!! it helps me a <url> i think it will be better if it had a <url> like we can time when it will start <url> sometimes i like to use my phone a lot. like before bed or using my phone at <url> smting like that. if you had the timer, we can set our work time so we would not play phones at certain <url> but still this app is great!!",2,2,0.8950898
good app but <url>,1,1,0.56995684
does the job it aims to do,1,2,0.83916223
ridiculous. why the hell i cannot move it to memory card?,0,0,0.962093
download error problem network gone after network connected again donwload doesn't resume,1,0,0.8799439
"i would give this app more stars if it weren't for the inability to get an overview of the total number of hours sunk into each tag rather than just a percentage, extend the amount of time you want on the fly and to filter by multiple tags vs either only one or all at the moment.",1,2,0.74604744
"its cool, i love it",1,2,0.5848429
warning. bad apps. this apps cheat ur money on cancelation,0,0,0.9669233
please fix!! then <number> stars,0,0,0.47392184
it's ok this apps,2,1,0.73948526
please add support for links inside pdf! great app but i really miss that feature!!,1,2,0.9140195
weatherbug was better <number> years back than it is now. i do not like the last few updates. the maps not as good especially showing cloud cover with storms or without. the layers is really sib par from the way it was. now for the last <number> days its shutting down for no reason,1,1,0.67908686
uc helpful but it's have many bad <url>,2,1,0.6438073
it tells me what i need to know,2,2,0.77021074
addicted to phone? this is the app,2,0,0.91244966
works well but beware the enormous memory use for data. if this could be stored on sd card then i would give <number> stars. as it is may have to uninstall.,1,1,0.77082473
nice app for viewing documents!!! have been using it since many years!,2,2,0.9265483
doesn't have a logout option,2,1,0.59515285
enlarge capacity for sending video,1,1,0.64752877
"it needs to have color, hairstyles and have character friends we pick on the lists to be in emojis too. plus can we have clothes come from video games and movies. plz",2,2,0.8011218
excellent considering all i want is pdf reader. but confused why such a basic thing like bookmarks is missing! the page nav good but never accurate,1,2,0.6527495
very funny! it crashes in my s <number> edge+,0,1,0.52921224
cant book in alantic city nj,0,0,0.7086551
learnt about it hope it is going to be <url>,1,2,0.6500253
i think it is cool because you can use it for anything and could make stories etc.,2,2,0.74851
"so powerful, yet so limited.",1,1,0.6822831
i really like this app. have a lot of fun with it when i send text messages. haven't had any problems with it.,1,2,0.8896381
new icon is really lame. looks like google <url> hahaha. binit,0,0,0.92964447
easy and convenient to use,2,2,0.9177451
holy data <url> people please!,0,0,0.4731594
screw you slack for arbitrarily forcing everyone on mobile to download this utterly superfluous client while your services run well in browser.,0,0,0.96775156
sometime. . force close hard launch,1,1,0.6882318
"slow, and hang when zoom",0,1,0.61983854
"the app is really good. i find it really fun but i suggest that you guys add piercings, birthmarks, beauty marks and things like that, maybe even allow more then two bitmoji characters. other than that, the app is really good",2,2,0.88289666
"would pay extra to get the ads to go away. otherwise, very good.",1,2,0.6680971
beware making fool and cheating beware,0,0,0.9564054
what happened to the paid version?,0,0,0.8390552
good <number> st version - htc one m <number>,2,2,0.5322576
great app use it to store music in,2,2,0.9164276
"could use a bit of <url> other than that, great concept and idea!",1,2,0.6921791
more customizable than the other guy but not as complete as i'd like,2,2,0.7504676
"i always like this app since i used my old curve. but the ads kill me, hahahaha.",2,1,0.5620146
"what a crappy app. rim can do much betta than this. wanted to give it a zero star but that option ain't available, i wonder why.",0,0,0.9434047
it's a good app . it saved my mobile from getting virus into my mobile,2,2,0.77947515
it's really nice !!!,1,2,0.8469479
"the prices are super high. like,the great <url> a billionaire could pay, but they would be poor afterwards. don't use!",0,0,0.91448325
"great local forecast, maybe because i live near their headquarters. it works great when i travels as well.",2,2,0.87627286
not very compatible with pomodoro technique,1,1,0.7427998
very useful and reliable app. documents are available offline which i find very convenient,2,2,0.9373253
too many ads! hate it,0,0,0.96032983
good but i don't like this app becouse of that annoying ads please remove this <url>,0,1,0.6695254
improve android app please,1,1,0.53627485
not happy over my profile picture,1,0,0.77258456
foxit reader is more convenient,2,1,0.63304615
"cute, simple and motivating!",2,2,0.92574096
good but could be better,2,1,0.64974105
"one of the essential apps, but imperfectly realized in android",2,1,0.6773939
like it but too much ads,2,1,0.64246196
still very lame. can't open pdfs that are image scans. cmon adobe. really?,0,0,0.96008056
"after unable to launch get fixed in the update last night, all my past <number> days history is gone <url> all my lemon <url> this how the developer improve performance? very <url>",0,0,0.897597
you better call it off. useless.,0,0,0.96730405
as good as the web version,2,2,0.5733766
just updated bbm and all of my chat history disappeared! need a way to restore it. pls fix it.,1,0,0.87459046
<salutation> can't even open password protected files. waste of time and memory,0,0,0.97097474
i dont understand this ap,1,0,0.93145746
its a very good app,2,2,0.82998216
good website for hotels. plenty of options and many with free cancellation.,2,2,0.85594076
bad very very bad. in all website you have ads <url> is <url> <url> bad things <url> <url>,0,0,0.9645502
claims app <number> sd but <url> no option to move from phone to sd card. it's a <number> +mb app. htc di <number> . <number>,1,0,0.6515377
"unnecessary app, please kill it.",0,0,0.9611737
my favorite way to communicate,2,2,0.7546376
quickly opens up the pdf <url> and very user friendly,2,2,0.89422315
force closed after update,1,0,0.87265044
this app is nice for safe <url>,1,2,0.57803047
brings so much important info to my phone in an easy to use format.,2,2,0.88560075
very nice and helpful app,2,2,0.93013453
don't send fake news,1,0,0.7635729
it asks for login every time i start it and that is very annoying. on my ipad it does not behave that way.,1,0,0.7355075
update <url> bisa copy comment di picture group <url> info bagaimana cara copy coment nya?,0,0,0.5526389
"good so far on phone, afraid to install on laptop, had a older version that wouldn't go away and had constant ads and pop-ups",2,1,0.6972808
this app is far too big.,0,0,0.7760336
this is a good app,2,2,0.70104885
"i'm heard about security concerns related to this browser, can u explain it?",1,1,0.5948344
worst app in world,0,0,0.96462125
i wish i could make funnies with my friends in them. not just in snapchat. otherwise a very fun app.,2,2,0.87773573
its alright but got a long way to go to better repligo. need to be able to skip to chapters and double tap zoom should fit paragraph to screen width,1,1,0.6771602
just missing an iphone feature.,2,1,0.7350471
not as good as on the blackberry phones doesn't show a red star to let you know you have an unread message unless you open the app,1,1,0.7587217
excellent with some improvements,2,2,0.9096366
add fonts and stuff,2,2,0.8473017
please add some more features,2,2,0.82444215
wish you could choose a friends to be part of the emoji,1,1,0.5752987
this app is useless. if i hit the home button the app plays in the background of my phone without the tree dying. that literally defeats the entire purpose of the app,0,0,0.9684037
now i accepted it,2,2,0.4601511
support for password protected documents.,1,2,0.8577982
discord came out and improved on slack in every way. there is no reason to use this trash anymore.,0,0,0.96693957
not anymore waste of time,0,0,0.9464027
not able to sign in,0,0,0.8956242
edit: i found the lemons and how to kill trees,2,1,0.51708806
always eror <url> this app,0,2,0.5973124
has too much space for ads. premium for login. there are more user friendly ways to monetize your app. the concept is ok but poorly executed,0,0,0.5885124
"since using a new update, my htc one x, always not <url>",0,0,0.73461807
wpupd give more stars if we could use this app on fb messenger,1,1,0.5800629
"not more reliable as the desktop app, but it is enough to get by",1,1,0.7252235
does not open all pdf files that you can open with adobe on the pc. uninstalled.,0,0,0.9688035
"really bad. zoom removes text, outer viewmode locks scrolling etc etc",0,0,0.9640448
i think the app is ment for book worms and book worms like me love it,1,2,0.52486914
chat app or ads app,0,0,0.8579458
"good accuracy, clean look and good features.",2,2,0.90897936
tree doesn't whether if i leave the app n play game this app sucks,0,0,0.93726134
even worse than photoshop,0,0,0.81899637
begging for bookmark and copy paste option <url>,1,0,0.7292115
forgets where i was when killed by the system,1,1,0.5339581
very good. am no lonnger using infinix <number> am using mi note and it is very difficut for me to update my mi note phone.,1,2,0.5728648
not easy to use,1,1,0.65761995
good app but huge filespace,1,2,0.5579371
no substitute for this great secure app for mobile communication in real time,2,2,0.73915535
not for bald people,0,1,0.68855697
really useful app. totally enjoyed using it. i had downloaded this without many expectations but the simplicity and perfection that this app delivered totally blew me away. hats off to the developers !! keep up the great work !!,2,2,0.9075997
"it's a good app overall, but the hourly forecast is totally unreliable. if the amatuers at weather underground can get it right <number> % of the time, why is weatherbug wrong <number> % of the time? c'mon folks, it's obviously do-able, so please try putting in the effort to get it right in the future (or at least check out the weather underground site and copy their work).",1,1,0.6127087
so so. like other apps in the play store. nothing special.,1,1,0.78226435
the standard tool for exchanging documents online,2,2,0.8984078
please fix some bug n i will give u <number> star,1,1,0.5888857
great app over all,2,2,0.8833747
the app is interactive and has all the required functions.,2,2,0.77312094
it's ok but the follow me is crap,1,1,0.78764033
update every <number> minutes,1,0,0.6077058
"i have installed and uninstalled repeated this several times, all it wants to do is update continuously. i can't use it at all.",0,0,0.96026057
used battery most show identity,0,1,0.5223081
should have more filtering options. should stop nagging for a review when you've already posted one.,1,1,0.7854909
"after reservation want to add rooms but app just crash, keep loading",0,1,0.47301582
lost in the translation,0,0,0.65855616
new version is much slower than the last. loading messages and channels feels sluggish and tedious.,0,1,0.7433968
where did the precipitation amounts go?,0,1,0.63909894
"it's nice, but it would be great there'd be some piercings",2,2,0.6793341
it's a good app,2,2,0.6996552
good but could be better,2,1,0.64974105
last update hosed app,0,0,0.928767
"it keeps crashing. i like yet very annoying to keep <url> , weather stopped working.",1,0,0.5982023
the app would be better if you let us use calculator and <url> bcoz sometimes while studying you have to google something <url> just a suggestion.,1,1,0.6045488
"i love the amount of data and the warnings. however in the last <number> months the application has failed to work often at least once a day. if this issue could be solved, i would give the app <number> stars.",1,2,0.8175023
you just need to add box braids as a hairstyle,2,2,0.88200706
its nice to receive anything,2,2,0.730734
this app is awful,0,0,0.96534514
"bummer! now i am a former usser!!!! no-ads weatherbug, where are you? hello?",0,0,0.8232164
good for an <url>,1,1,0.65378845
this is very bad,1,0,0.96249413
doesnt work on the gs <number>,0,0,0.9481008
too much ads not good for kids,1,1,0.5591757
not working properly in android above <number> . <number>,2,0,0.9579449
slow sometimes especially during video and audio calls. the app just hangs and stops working.,2,1,0.78052485
if i could alter the apps appearance to allow for inverted colour schemes i would give it <number> stars other than that this is a brilliant app.,2,2,0.8949205
one of the <signature>,1,2,0.8823658
"it's not working for me, i'm using samsung tab <number> mini, it's asking for confirmation of date of birth",0,0,0.8126069
"i can use other app meanwhile timer is running , so no use waste app",0,1,0.5994623
app is up to date and easy to read.,2,2,0.84263897
"do not waste your time. if u think u can save the earth but no, you have to buy premium first to plant trees. absolute a waste timer",0,0,0.9656025
sluggish compared to other pdf readers but renders well.,1,2,0.62872785
"i don't need this, but i'm sure someone will need it.",2,1,0.6645494
"really fast, good and probably the <signature>",2,2,0.8670984
"my team, tired of waiting for a department driven initiative for collaboration tools, decided to start using this for ourselves. it's been a great experience so far - quicker responses, easy file sharing, organising social outings and reaching out to the whole team at once etc. the <signature>",2,2,0.904885
bad uploaded pic display,0,0,0.91677344
i like this app is very useful,1,2,0.90375996
"i was not able to open the app even after reinstalling it twice so instead i installed ""flip flop"" app which is also a similar app",0,0,0.6992842
what's with all the new permissions?,0,1,0.4909638
the new automatic markdown feature sucks!!! and you cannot turn it off,0,0,0.95724326
now it use very long time for export photo.,0,2,0.86157686
can't import pictures,0,1,0.49697858
i love it but for some reason it doesn't work well on my samsung. if it worked better with my phone a higher rating,1,2,0.6919615
did more things to say and more holiday,1,2,0.5387188
can not open edited images on my galaxy note <number>,0,0,0.6843213
the confirmation details is not shown on <number> rd party screen. not useful if i have to inform <number> rd party of the confirmation details.,1,1,0.7944536
never sends the correct emoji.,0,0,0.6778758
please add save image setting,2,2,0.53441685
i cant run the app after new update!!!,1,0,0.960431
ads thats the only thing spoiling this <url> bcz ads are source of income <url> lose this app the source ur getting ads,0,0,0.9133811
i have had this app for a while and it works really well,0,2,0.88307244
mostly good except- sucks too much background data and not freindly to my battery . should shut itself down.,1,1,0.7293352
"fairly accurate, wish the radar would update a little quicker",2,2,0.8463609
what's up with it?,0,0,0.6044348
up browser is <signature>,2,2,0.43239427
nice app but i can't highlight my text i pressed that longer but it couldn't work please check this out,2,1,0.51868796
love it but the radar needs future time,2,1,0.63147384
itss ok but not good at <url>,1,1,0.83292663
animation does not work. really disappointed. use everyday for work. moving on to the weather channel app. never fails.,0,0,0.96767277
"maybe if the app followed material design guidelines, i would have rated it <number> stars. the controls are based on ios, so it's not easy to find your way, but overall it's a good photo app.",2,1,0.52257806
new layout v <number>,2,1,0.4722789
it does not install,2,0,0.96151483
"its amazing app, but unfortunately after the new updation the app forced to close when importing a new photo. so please fix that bug immediately",2,2,0.5269112
try hotel tonight - $ <number> free,1,0,0.8877667
"it's like <number> stars for the app, <number> star for new booking assistant. god damn it, how the hell can i just answer the message i got from a property???!!! why do i need to see <number> questions of an assistant instead, that i can not delete and that just mess up all the dialog! hate it. really hate this feature! do like everything else though.",2,0,0.83587104
been a good weather app for me! thumbs up!,2,1,0.52303827
i guess it's <url>,2,1,0.6074156
loved it before update,1,0,0.6024429
it is good news app but some improvement required in spelling and language.,2,2,0.7546499
"as a frequent user , you should have few options as reward the client should choose between",2,2,0.7123727
no bookmark or jump to <url> really annoying,0,1,0.6555147
app is <url> service sucks,1,0,0.6458508
i can't use web mobile in <url>,0,0,0.8431664
the new button is super poopy.,0,2,0.5319964
"i love it, but desperately needs to save last <url> and place within that <url> a bookmarking function!",1,2,0.4729053
"simple to use,in a straight forward easy to understand format. <signature>",2,2,0.90358037
i saw no last minute rates as promised on the description.,0,1,0.7598127
if you browse like i do this is a must have. i rated it <number> stars before but now it is becoming a mess. you are killing its reputation with ads. i must wait for few seconds advert to finish before browsing.,1,0,0.94596076
the drawer is old,0,1,0.52860343
what a great messanger. you make us who separated a kilometers away can gather in one place. keep <url>,2,0,0.7189764
add text option please,1,2,0.76896715
new logo looks like swastika maybe next time dev team will worked on app ram usage?,0,1,0.5431306
don't use. can't uninstall on tablet,1,0,0.8578452
fast but doesn't allow you to jump to pages no good for big ebooks,1,1,0.77965194
how can i make a video call??,2,1,0.5236803
easy to use and useful,2,2,0.92259353
"i saw this app on engadget and was excited to try it. however, the hdr mode does not work on my phone. i have a samsung galaxy s <number> edge. it is listed as one of the phones that works but the option for hdr is not available on the drop-down menu.",1,1,0.7062934
i was able to update and view my bookings very easily. very convenient.,2,2,0.9216159
"it lost all my progress! i had the cat tree, octopus, etc",0,0,0.8032712
best crashes ever!!!! worthless,0,0,0.9413683
radar map never loads first try.,1,0,0.6575664
"simple to the massage, i like bbm,cause i can see when the massage have delivered n read .",2,2,0.8976053
its <url> make something <url>,1,1,0.5702935
this is my favorite weather app to use. i've used it since i was a teenager. the only problem i have is that the hourly forecast is almost never right which is very inconvenient for me considering i work outside. on the bright side you can look at the radar and pretty much tell what what is gonna hit you.,1,2,0.65585124
cant connect to facebook,1,0,0.9170285
"i like it and think it's super cute and fun, but i wish it had more such as maybe tattoos or piercings and i wish you could create outfits instead of picking an outfit",2,2,0.9085094
good for quick edits on the move,2,2,0.62481743
why the almost daily updates?,1,1,0.65671563
terrible. i don't need creative cloud!,0,0,0.965978
sign up form doesn't work and this app doesnt work without an adobe account so it was just a waste of time.,0,0,0.9707217
love it but a problem?,2,2,0.5853978
does what supposed to an as far as forcast go seems good,2,1,0.5349022
i can't import alot of my photos!,1,0,0.687594
horrible pdf reader. there are much better alternatives.,0,0,0.9654605
"it's great that it can read my truck's <number> , <number> page service manual right here on my phone; but i can't find anything if there is no search feature!!",1,2,0.7657068
it does logout of account after closing,2,0,0.554578
"love it. would be great if you could include options to dodge and burn images, too.",2,2,0.84489626
i don't like that i can't attach to a text in gboard. i have to go through bitmoji to send in a text. it is easier to send in iphone and i can't do friendmojis,2,1,0.7078996
"does not work on the captivate at <url> very disapointed, it just says it has failed to read found files.",0,0,0.9636506
it's an useful app,2,2,0.8938263
is the white house in charge of it?,0,0,0.41562003
weather automation doesn't work anymore so it's stupid,0,0,0.8994191
some times its just boarding,1,1,0.77163625
i deplore pdfs of all kinds. <url> the only thing that can read a pdf. but this app does <url> it still sux,0,0,0.64814806
installs another app without warning,0,0,0.87713337
it's your app so you get to choose your logo. but this new one confusing my son that slack is a game and he is complaining i keep playing this game all the time but have no shame in denying his rights to play games eternally. ps: unable to view old items unless we pay is gross.,1,0,0.6338684
"other parties doin better ""reader n even writer"" than adobe!",0,1,0.6333931
takes too much time to load sometimes,2,1,0.7846031
it is an interesting app that uses a lot of memory. but great communication tool,1,2,0.89327836
it's amazing and faster then other <url>,1,2,0.8854586
best weather app out there until it stopped working. won't load anything now. please <url>,0,1,0.5291626
will be much better if it has read out <url>,2,1,0.6651579
good overall but seems to have an issue of being unavailable or offline when other weather apps are working just fine providing the same info. <url> radar,2,2,0.5277529
does the camera support long exposure?,2,1,0.6847637
i enjoy using it. i just have to play with it more to get more experience,2,2,0.9142603
it helps me a lot,2,2,0.87658125
not bad at all. great improvement.,2,2,0.8595907
plenty of unnessary ads,0,1,0.7179844
the news feed so annoying please avoid this type of <url> or add a button for stop news <url>,0,1,0.5856151
can be a bit complicated and in your face but it does a good job and is well supported by venues.,2,2,0.7897081
i liked it. no reply on mobile though.,2,1,0.70926493
"works perfectly with snapchat, i hope soon it has more goth/alternative outfits and options for piercings and ear spacers. love the new hair options!",2,2,0.92755336
"it used to be a <number> star app but not every time i try to open it it crashes, please fix this asap",0,0,0.65489787
where's the support?,0,1,0.59585243
i think nice but mobile hang krta h,1,2,0.5801444
please add fonts in this app to write . <signature>,1,2,0.7789524
"worked once, then has never worked again.",0,0,0.92053074
fix the radar! what is taking so long? i'm very close to deleting this app for good. i doubt i'm alone!,0,0,0.8085788
it is good aap for searching and downloading <url>,2,2,0.543687
while controlling shutter speed whole app is getting freezed.,1,0,0.58246017
"no full language support. what a shame, adobe.",0,0,0.9681625
it's nice <url>,1,2,0.5359609
"this app is not at all what i had expected. it is very hard to use. at the beggining, you get small info about one fature of the app. once you start to use it, the purpose just gets confusing, how does the tree grow? is the time a stopclock, a timer, im so confused! please improve this app to be more user friendly!",0,0,0.6760625
lost status bar info,1,0,0.7560921
it was fine before i was forced to update.,1,1,0.64770156
